Date,City,Air Quality Index,Carbon Monoxide,Nitric Oxide,Nitrogen Oxide,Ozone,Sulfur Dioxide,Ammonia,Particulate matter 2.5 micrometers,Particulate matter 10 micrometers
2025-09-05 12:00:00,Cape Town,2,71.23,0.0,0.02,69.06,0.26,0.0,2.31,10.66
2025-09-05 13:00:00,Cape Town,2,70.98,0.0,0.02,70.23,0.25,0.0,2.18,9.98
2025-09-05 14:00:00,Cape Town,2,70.72,0.0,0.02,70.51,0.23,0.0,2.0,8.99
2025-09-05 15:00:00,Cape Town,2,70.82,0.0,0.02,70.6,0.22,0.0,1.81,7.98
2025-09-05 16:00:00,Cape Town,2,71.19,0.0,0.03,70.23,0.21,0.0,1.66,7.17
2025-09-05 17:00:00,Cape Town,2,71.68,0.0,0.03,69.44,0.2,0.0,1.5,6.38
2025-09-05 18:00:00,Cape Town,2,72.43,0.0,0.04,68.76,0.19,0.0,1.36,5.65
2025-09-05 19:00:00,Cape Town,2,73.08,0.0,0.04,68.02,0.17,0.0,1.26,5.11
2025-09-05 20:00:00,Cape Town,2,73.65,0.0,0.04,67.32,0.16,0.0,1.19,4.76
2025-09-05 21:00:00,Cape Town,2,74.12,0.0,0.04,66.79,0.15,0.0,1.16,4.6
2025-09-05 22:00:00,Cape Town,2,74.34,0.0,0.04,66.43,0.15,0.0,1.15,4.52
2025-09-05 23:00:00,Cape Town,2,74.51,0.0,0.04,65.88,0.15,0.0,1.14,4.46
2025-09-06 00:00:00,Cape Town,2,74.59,0.0,0.04,65.66,0.14,0.0,1.12,4.33
2025-09-06 01:00:00,Cape Town,2,74.48,0.0,0.05,65.46,0.13,0.0,1.09,4.17
2025-09-06 02:00:00,Cape Town,2,74.6,0.0,0.06,65.83,0.13,0.0,1.05,4.03
2025-09-06 03:00:00,Cape Town,2,74.63,0.0,0.06,65.38,0.13,0.0,1.06,4.03
2025-09-06 04:00:00,Cape Town,2,74.38,0.0,0.06,64.85,0.13,0.0,1.08,4.07
2025-09-06 05:00:00,Cape Town,2,74.22,0.0,0.06,64.52,0.13,0.0,1.08,4.07
2025-09-06 06:00:00,Cape Town,2,74.13,0.0,0.06,64.31,0.13,0.0,1.09,4.05
2025-09-06 07:00:00,Cape Town,2,74.15,0.0,0.06,64.22,0.12,0.0,1.09,4.01
2025-09-06 08:00:00,Cape Town,2,73.96,0.01,0.06,64.01,0.12,0.0,1.08,3.95
2025-09-06 09:00:00,Cape Town,2,73.88,0.01,0.05,63.91,0.12,0.0,1.08,3.92
2025-09-06 10:00:00,Cape Town,2,73.79,0.01,0.04,63.89,0.12,0.0,1.08,3.88
2025-09-06 11:00:00,Cape Town,2,73.65,0.01,0.04,63.93,0.11,0.0,1.07,3.82
2025-09-06 12:00:00,Cape Town,2,73.46,0.01,0.03,64.0,0.11,0.0,1.05,3.72
2025-09-06 13:00:00,Cape Town,2,73.26,0.01,0.03,64.09,0.11,0.0,1.03,3.62
2025-09-06 14:00:00,Cape Town,2,73.29,0.01,0.03,64.59,0.1,0.0,1.01,3.56
2025-09-06 15:00:00,Cape Town,2,73.17,0.01,0.04,64.67,0.1,0.0,1.0,3.52
2025-09-06 16:00:00,Cape Town,2,73.05,0.01,0.04,64.75,0.1,0.0,0.99,3.48
2025-09-06 17:00:00,Cape Town,2,73.05,0.0,0.05,65.1,0.1,0.0,0.97,3.43
2025-09-06 18:00:00,Cape Town,2,73.06,0.0,0.06,65.48,0.1,0.0,0.95,3.37
2025-09-06 19:00:00,Cape Town,2,73.14,0.0,0.06,65.91,0.11,0.0,0.93,3.32
2025-09-06 20:00:00,Cape Town,2,73.14,0.0,0.06,66.26,0.11,0.0,0.9,3.27
2025-09-06 21:00:00,Cape Town,2,73.14,0.0,0.06,66.82,0.11,0.0,0.88,3.23
2025-09-06 22:00:00,Cape Town,2,73.14,0.0,0.05,67.16,0.12,0.0,0.86,3.19
2025-09-06 23:00:00,Cape Town,2,73.21,0.0,0.05,67.24,0.13,0.0,0.85,3.2
2025-09-07 00:00:00,Cape Town,2,73.18,0.0,0.05,67.22,0.13,0.0,0.85,3.24
2025-09-07 01:00:00,Cape Town,2,73.28,0.0,0.05,67.07,0.14,0.0,0.86,3.32
2025-09-07 02:00:00,Cape Town,2,73.13,0.0,0.05,66.65,0.15,0.0,0.87,3.4
2025-09-07 03:00:00,Cape Town,2,73.03,0.0,0.05,66.22,0.15,0.0,0.88,3.46
2025-09-07 04:00:00,Cape Town,2,72.97,0.0,0.05,65.69,0.16,0.0,0.89,3.49
2025-09-07 05:00:00,Cape Town,2,72.77,0.0,0.05,65.36,0.16,0.0,0.89,3.5
2025-09-07 06:00:00,Cape Town,2,72.65,0.0,0.05,65.29,0.17,0.0,0.88,3.49
2025-09-07 07:00:00,Cape Town,2,72.32,0.0,0.05,65.27,0.17,0.0,0.88,3.48
2025-09-07 08:00:00,Cape Town,2,71.98,0.0,0.05,65.39,0.17,0.0,0.86,3.43
2025-09-07 09:00:00,Cape Town,2,71.57,0.01,0.05,65.76,0.17,0.0,0.85,3.39
2025-09-07 10:00:00,Cape Town,2,71.32,0.01,0.04,66.13,0.17,0.0,0.84,3.35
2025-09-07 11:00:00,Cape Town,2,70.9,0.01,0.03,66.62,0.16,0.0,0.84,3.37
2025-09-07 12:00:00,Cape Town,2,70.61,0.01,0.03,66.84,0.16,0.0,0.85,3.45
2025-09-07 13:00:00,Cape Town,2,70.24,0.01,0.02,66.79,0.17,0.0,0.88,3.58
2025-09-07 14:00:00,Cape Town,2,69.69,0.01,0.02,66.73,0.17,0.0,0.91,3.74
2025-09-07 15:00:00,Cape Town,2,69.23,0.0,0.02,66.6,0.17,0.0,0.94,3.88
2025-09-07 16:00:00,Cape Town,2,68.92,0.0,0.03,66.7,0.18,0.0,0.96,4.02
2025-09-07 17:00:00,Cape Town,2,68.7,0.0,0.03,67.05,0.18,0.0,1.0,4.24
2025-09-07 18:00:00,Cape Town,2,68.27,0.0,0.04,67.17,0.19,0.0,1.06,4.58
2025-09-07 19:00:00,Cape Town,2,67.86,0.0,0.04,67.08,0.21,0.0,1.13,4.99
2025-09-07 20:00:00,Cape Town,2,67.8,0.0,0.04,67.36,0.22,0.0,1.2,5.37
2025-09-07 21:00:00,Cape Town,2,67.82,0.0,0.05,67.61,0.22,0.0,1.26,5.65
2025-09-07 22:00:00,Cape Town,2,67.8,0.0,0.05,68.1,0.23,0.0,1.3,5.83
2025-09-07 23:00:00,Cape Town,2,67.85,0.0,0.05,68.59,0.23,0.0,1.33,5.99
2025-09-08 00:00:00,Cape Town,2,68.0,0.0,0.06,69.03,0.24,0.0,1.35,6.09
2025-09-08 01:00:00,Cape Town,2,68.33,0.0,0.06,69.3,0.24,0.0,1.35,6.11
2025-09-08 02:00:00,Cape Town,2,68.68,0.0,0.06,69.65,0.24,0.0,1.32,6.02
2025-09-08 03:00:00,Cape Town,2,68.96,0.0,0.06,69.62,0.24,0.0,1.29,5.83
2025-09-08 04:00:00,Cape Town,2,69.1,0.0,0.07,69.14,0.24,0.01,1.26,5.68
2025-09-08 05:00:00,Cape Town,2,69.42,0.0,0.08,68.58,0.24,0.01,1.27,5.66
2025-09-08 06:00:00,Cape Town,2,69.87,0.0,0.09,67.76,0.25,0.01,1.32,5.8
2025-09-08 07:00:00,Cape Town,2,70.19,0.0,0.11,66.89,0.26,0.01,1.38,5.97
2025-09-08 08:00:00,Cape Town,2,70.35,0.01,0.12,66.11,0.27,0.01,1.43,6.1
2025-09-08 09:00:00,Cape Town,2,70.35,0.02,0.11,65.53,0.28,0.01,1.49,6.29
2025-09-08 10:00:00,Cape Town,2,70.14,0.02,0.1,65.36,0.29,0.01,1.57,6.62
2025-09-08 11:00:00,Cape Town,2,70.23,0.02,0.09,65.34,0.31,0.01,1.7,7.13
2025-09-08 12:00:00,Cape Town,2,70.12,0.02,0.09,65.33,0.33,0.01,1.84,7.65
2025-09-08 13:00:00,Cape Town,2,69.97,0.02,0.08,65.25,0.34,0.01,1.93,7.96
2025-09-08 14:00:00,Cape Town,2,69.79,0.02,0.07,65.41,0.35,0.01,2.01,8.29
2025-09-08 15:00:00,Cape Town,2,69.68,0.02,0.08,65.25,0.36,0.01,2.11,8.66
2025-09-08 16:00:00,Cape Town,2,69.63,0.02,0.1,64.9,0.37,0.0,2.22,9.04
2025-09-08 17:00:00,Cape Town,2,69.8,0.01,0.13,64.32,0.38,0.0,2.33,9.4
2025-09-08 18:00:00,Cape Town,2,69.92,0.0,0.18,63.81,0.39,0.0,2.45,9.69
2025-09-08 19:00:00,Cape Town,2,70.16,0.0,0.22,63.58,0.4,0.0,2.59,9.87
2025-09-08 20:00:00,Cape Town,2,70.27,0.0,0.26,63.61,0.42,0.01,2.74,10.12
2025-09-08 21:00:00,Cape Town,2,70.31,0.0,0.28,63.45,0.44,0.01,2.9,10.61
2025-09-08 22:00:00,Cape Town,2,70.45,0.0,0.3,63.03,0.46,0.02,3.01,10.97
2025-09-08 23:00:00,Cape Town,2,70.96,0.0,0.31,62.39,0.47,0.02,3.03,11.05
2025-09-09 00:00:00,Cape Town,2,71.52,0.0,0.33,61.76,0.49,0.03,3.03,10.94
2025-09-09 01:00:00,Cape Town,2,72.41,0.0,0.36,60.95,0.5,0.04,3.01,10.73
2025-09-09 02:00:00,Cape Town,2,73.45,0.0,0.41,60.3,0.53,0.04,3.11,10.93
2025-09-09 03:00:00,Cape Town,1,74.32,0.0,0.49,59.17,0.59,0.05,3.26,11.26
2025-09-09 04:00:00,Cape Town,1,76.07,0.0,0.6,57.77,0.73,0.09,3.36,11.32
2025-09-09 05:00:00,Cape Town,1,80.92,0.0,0.81,56.11,1.01,0.15,3.55,11.52
2025-09-09 06:00:00,Cape Town,1,94.58,0.0,1.33,53.51,1.36,0.22,4.07,12.26
2025-09-09 07:00:00,Cape Town,1,120.81,0.06,2.25,49.78,1.68,0.28,5.17,13.87
2025-09-09 08:00:00,Cape Town,1,151.22,0.46,2.63,47.71,1.91,0.31,7.29,16.87
2025-09-09 09:00:00,Cape Town,2,174.94,0.63,2.37,51.56,1.99,0.29,10.86,21.58
2025-09-09 10:00:00,Cape Town,2,186.52,0.4,1.63,61.75,1.82,0.22,16.13,27.74
2025-09-09 11:00:00,Cape Town,2,189.0,0.19,0.89,71.9,1.68,0.16,21.41,33.31
2025-09-09 12:00:00,Cape Town,3,187.24,0.11,0.55,77.84,1.57,0.12,25.17,37.08
2025-09-09 12:00:00,Cape Town,2,178.04,0.1,0.5,74.76,1.55,0.12,21.95,33.69
2025-09-09 13:00:00,Cape Town,3,182.43,0.08,0.42,79.49,1.41,0.07,27.12,39.23
2025-09-09 13:00:00,Cape Town,2,173.92,0.07,0.37,75.79,1.34,0.06,23.83,35.81
2025-09-09 14:00:00,Cape Town,2,160.46,0.06,0.32,74.26,1.15,0.03,22.43,34.2
2025-09-09 15:00:00,Cape Town,2,143.53,0.05,0.3,71.93,1.0,0.01,19.33,30.58
2025-09-09 16:00:00,Cape Town,2,128.66,0.04,0.31,69.73,0.92,0.01,16.01,26.7
2025-09-09 17:00:00,Cape Town,2,117.86,0.01,0.34,67.99,0.86,0.01,13.05,23.14
2025-09-09 18:00:00,Cape Town,2,110.94,0.0,0.34,66.37,0.79,0.01,11.07,20.92
2025-09-09 19:00:00,Cape Town,2,106.11,0.0,0.3,65.09,0.73,0.01,9.92,19.91
2025-09-09 20:00:00,Cape Town,2,101.9,0.0,0.27,64.14,0.66,0.0,8.96,18.25
2025-09-09 21:00:00,Cape Town,2,99.32,0.0,0.24,63.47,0.58,0.0,8.18,16.18
2025-09-09 22:00:00,Cape Town,2,97.89,0.0,0.22,63.03,0.52,0.0,7.77,14.8
2025-09-09 23:00:00,Cape Town,2,96.77,0.0,0.21,62.69,0.49,0.0,7.53,14.16
2025-09-10 00:00:00,Cape Town,2,96.04,0.0,0.2,62.2,0.49,0.0,7.42,13.94
2025-09-10 01:00:00,Cape Town,2,96.74,0.0,0.2,62.09,0.5,0.0,7.38,13.82
2025-09-10 02:00:00,Cape Town,2,107.35,0.0,0.26,64.38,0.66,0.02,8.45,14.93
2025-09-10 03:00:00,Cape Town,2,110.04,0.0,0.28,64.9,0.71,0.03,8.5,14.78
2025-09-10 04:00:00,Cape Town,2,113.49,0.0,0.32,65.86,0.78,0.04,8.59,14.73
2025-09-10 05:00:00,Cape Town,2,116.14,0.0,0.36,66.56,0.89,0.07,8.46,14.3
2025-09-10 06:00:00,Cape Town,2,118.18,0.0,0.42,67.08,1.03,0.1,8.25,13.88
2025-09-10 07:00:00,Cape Town,2,120.11,0.0,0.54,67.13,1.19,0.15,8.06,13.61
2025-09-10 08:00:00,Cape Town,2,123.44,0.02,0.72,66.98,1.42,0.21,8.03,13.61
2025-09-10 09:00:00,Cape Town,2,128.07,0.06,0.84,67.17,1.67,0.26,8.18,13.87
2025-09-10 10:00:00,Cape Town,2,130.99,0.08,0.76,68.12,1.78,0.28,8.29,14.0
2025-09-10 11:00:00,Cape Town,2,129.69,0.07,0.51,69.73,1.68,0.26,8.13,13.63
2025-09-10 12:00:00,Cape Town,2,125.35,0.04,0.3,70.69,1.47,0.22,7.72,12.85
2025-09-10 13:00:00,Cape Town,2,119.78,0.03,0.2,70.78,1.23,0.18,7.16,11.84
2025-09-10 14:00:00,Cape Town,2,113.32,0.02,0.17,70.6,0.98,0.14,6.42,10.57
2025-09-10 15:00:00,Cape Town,2,106.99,0.01,0.17,70.14,0.76,0.11,5.58,9.21
2025-09-10 16:00:00,Cape Town,2,101.74,0.01,0.19,69.6,0.59,0.09,4.79,8.0
2025-09-10 17:00:00,Cape Town,2,97.8,0.0,0.2,69.22,0.46,0.07,4.13,7.04
2025-09-10 18:00:00,Cape Town,2,94.51,0.0,0.2,68.94,0.36,0.06,3.59,6.25
2025-09-10 19:00:00,Cape Town,2,91.93,0.0,0.19,68.2,0.28,0.05,3.15,5.59
2025-09-10 20:00:00,Cape Town,2,89.95,0.0,0.19,67.37,0.23,0.03,2.84,5.13
2025-09-10 21:00:00,Cape Town,2,89.01,0.0,0.19,66.51,0.21,0.02,2.68,4.89
2025-09-10 22:00:00,Cape Town,2,88.74,0.0,0.18,65.8,0.19,0.02,2.65,4.81
2025-09-10 23:00:00,Cape Town,2,89.14,0.0,0.18,65.2,0.18,0.01,2.71,4.87
2025-09-11 00:00:00,Cape Town,2,90.19,0.0,0.17,65.2,0.17,0.01,2.89,5.1
2025-09-11 01:00:00,Cape Town,2,91.91,0.0,0.16,65.62,0.17,0.01,3.16,5.45
2025-09-11 02:00:00,Cape Town,2,94.37,0.0,0.16,66.81,0.17,0.01,3.49,5.81
2025-09-11 03:00:00,Cape Town,2,96.49,0.0,0.16,67.64,0.17,0.01,3.79,6.08
2025-09-11 04:00:00,Cape Town,2,96.93,0.0,0.16,67.17,0.17,0.01,3.96,6.23
2025-09-11 05:00:00,Cape Town,2,94.59,0.0,0.14,65.68,0.16,0.0,3.84,6.01
2025-09-11 06:00:00,Cape Town,2,89.29,0.0,0.12,63.94,0.16,0.0,3.44,5.67
2025-09-11 07:00:00,Cape Town,2,82.69,0.0,0.1,62.79,0.17,0.0,2.92,5.61
2025-09-11 08:00:00,Cape Town,2,77.32,0.0,0.08,62.79,0.19,0.0,2.47,5.86
2025-09-11 09:00:00,Cape Town,2,74.13,0.01,0.05,63.41,0.21,0.0,2.21,6.21
2025-09-11 10:00:00,Cape Town,2,72.22,0.01,0.03,63.95,0.22,0.0,2.06,6.56
2025-09-11 11:00:00,Cape Town,2,71.12,0.01,0.03,64.19,0.24,0.0,1.98,6.91
2025-09-11 12:00:00,Cape Town,2,70.38,0.01,0.02,64.31,0.24,0.0,1.89,7.02
2025-09-11 13:00:00,Cape Town,2,69.65,0.01,0.02,64.32,0.23,0.0,1.81,6.93
2025-09-11 14:00:00,Cape Town,2,69.1,0.01,0.02,64.16,0.22,0.0,1.69,6.57
2025-09-11 15:00:00,Cape Town,2,68.81,0.01,0.02,64.05,0.21,0.0,1.57,6.11
2025-09-11 16:00:00,Cape Town,2,68.72,0.01,0.03,63.95,0.2,0.0,1.47,5.65
2025-09-11 17:00:00,Cape Town,2,68.78,0.0,0.04,63.89,0.19,0.0,1.35,5.13
2025-09-11 18:00:00,Cape Town,2,68.9,0.0,0.04,63.89,0.18,0.0,1.26,4.71
2025-09-11 19:00:00,Cape Town,2,69.01,0.0,0.04,64.08,0.17,0.0,1.2,4.45
2025-09-11 20:00:00,Cape Town,2,69.0,0.0,0.04,64.12,0.16,0.0,1.15,4.24
2025-09-11 21:00:00,Cape Town,2,69.04,0.0,0.04,64.5,0.16,0.0,1.13,4.19
2025-09-11 22:00:00,Cape Town,2,68.99,0.0,0.05,64.8,0.16,0.0,1.12,4.26
2025-09-11 23:00:00,Cape Town,2,68.89,0.0,0.05,65.32,0.17,0.0,1.12,4.4
2025-09-12 00:00:00,Cape Town,2,68.83,0.0,0.05,66.03,0.18,0.0,1.13,4.6
2025-09-12 01:00:00,Cape Town,2,68.7,0.0,0.06,66.63,0.19,0.0,1.15,4.83
2025-09-12 02:00:00,Cape Town,2,68.72,0.0,0.07,67.32,0.2,0.0,1.16,5.0
2025-09-12 03:00:00,Cape Town,2,68.74,0.0,0.07,67.64,0.2,0.0,1.14,5.0
2025-09-12 04:00:00,Cape Town,2,68.77,0.0,0.07,67.9,0.2,0.0,1.11,4.86
2025-09-12 05:00:00,Cape Town,2,68.96,0.0,0.07,67.97,0.19,0.0,1.06,4.64
2025-09-12 06:00:00,Cape Town,2,69.1,0.0,0.06,68.03,0.18,0.0,1.02,4.43
2025-09-12 07:00:00,Cape Town,2,69.2,0.0,0.07,67.99,0.17,0.0,1.0,4.31
2025-09-12 08:00:00,Cape Town,2,69.18,0.01,0.06,67.88,0.17,0.0,0.99,4.26
2025-09-12 09:00:00,Cape Town,2,69.18,0.01,0.05,67.55,0.16,0.0,0.99,4.2
2025-09-12 10:00:00,Cape Town,2,69.1,0.01,0.04,67.0,0.16,0.0,0.98,4.09
2025-09-12 11:00:00,Cape Town,2,69.04,0.01,0.03,66.37,0.15,0.0,0.97,3.95
2025-09-12 12:00:00,Cape Town,2,68.86,0.01,0.03,65.57,0.14,0.0,0.95,3.81
2025-09-12 13:00:00,Cape Town,2,68.67,0.01,0.02,64.48,0.13,0.0,0.93,3.67
2025-09-12 14:00:00,Cape Town,2,68.49,0.01,0.02,63.48,0.13,0.0,0.91,3.52
2025-09-12 15:00:00,Cape Town,2,68.24,0.01,0.02,62.93,0.13,0.0,0.9,3.48
2025-09-12 16:00:00,Cape Town,2,67.94,0.01,0.03,62.75,0.14,0.0,0.89,3.49
2025-09-12 17:00:00,Cape Town,2,67.95,0.0,0.04,62.84,0.14,0.0,0.89,3.56
2025-09-12 18:00:00,Cape Town,2,67.9,0.0,0.04,63.09,0.14,0.0,0.89,3.65
2025-09-12 19:00:00,Cape Town,2,67.88,0.0,0.04,63.32,0.14,0.0,0.9,3.77
2025-09-12 20:00:00,Cape Town,2,67.75,0.0,0.04,63.47,0.14,0.0,0.88,3.8
2025-09-12 21:00:00,Cape Town,2,67.67,0.0,0.04,63.82,0.14,0.0,0.86,3.7
2025-09-12 22:00:00,Cape Town,2,67.63,0.0,0.04,63.87,0.14,0.0,0.82,3.58
2025-09-12 23:00:00,Cape Town,2,67.59,0.0,0.04,63.89,0.14,0.0,0.79,3.42
2025-09-13 00:00:00,Cape Town,2,67.61,0.0,0.04,63.74,0.14,0.0,0.75,3.24
2025-09-13 01:00:00,Cape Town,2,67.63,0.0,0.04,63.6,0.14,0.0,0.71,3.04
2025-09-13 02:00:00,Cape Town,2,67.73,0.0,0.04,63.32,0.13,0.0,0.67,2.83
2025-09-13 03:00:00,Cape Town,2,67.8,0.0,0.04,63.19,0.13,0.0,0.64,2.66
2025-09-13 04:00:00,Cape Town,2,67.89,0.0,0.04,62.99,0.13,0.0,0.62,2.51
2025-09-13 05:00:00,Cape Town,2,68.03,0.0,0.04,62.92,0.13,0.0,0.6,2.36
2025-09-13 06:00:00,Cape Town,2,68.1,0.0,0.04,62.98,0.12,0.0,0.58,2.2
2025-09-13 07:00:00,Cape Town,2,68.17,0.0,0.04,63.22,0.12,0.0,0.55,2.07
2025-09-13 08:00:00,Cape Town,2,68.22,0.0,0.04,63.58,0.12,0.0,0.53,2.02
2025-09-13 09:00:00,Cape Town,2,68.29,0.01,0.04,63.98,0.13,0.0,0.54,2.08
2025-09-13 10:00:00,Cape Town,2,68.33,0.01,0.04,64.54,0.13,0.0,0.57,2.25
2025-09-13 11:00:00,Cape Town,2,68.43,0.01,0.03,65.01,0.14,0.0,0.6,2.45
2025-09-13 12:00:00,Cape Town,2,68.5,0.01,0.03,65.52,0.14,0.0,0.63,2.64
2025-09-13 12:00:00,Cape Town,2,68.54,0.01,0.02,64.56,0.12,0.0,0.59,2.39
2025-09-13 13:00:00,Cape Town,2,68.62,0.01,0.03,65.82,0.14,0.0,0.67,2.85
2025-09-13 13:00:00,Cape Town,2,68.53,0.01,0.02,64.69,0.12,0.0,0.62,2.53
2025-09-13 14:00:00,Cape Town,2,68.66,0.01,0.02,65.1,0.12,0.0,0.65,2.68
2025-09-13 15:00:00,Cape Town,2,68.74,0.0,0.03,65.53,0.12,0.0,0.67,2.82
2025-09-13 16:00:00,Cape Town,2,68.91,0.0,0.03,65.9,0.11,0.0,0.69,2.91
2025-09-13 17:00:00,Cape Town,2,68.97,0.0,0.04,66.21,0.11,0.0,0.7,2.95
2025-09-13 18:00:00,Cape Town,2,69.1,0.0,0.04,66.55,0.11,0.0,0.69,2.95
2025-09-13 19:00:00,Cape Town,2,69.13,0.0,0.04,66.65,0.11,0.0,0.69,2.92
2025-09-13 20:00:00,Cape Town,2,69.05,0.0,0.04,66.64,0.1,0.0,0.68,2.87
2025-09-13 21:00:00,Cape Town,2,68.98,0.0,0.04,66.6,0.1,0.0,0.66,2.8
2025-09-13 22:00:00,Cape Town,2,68.93,0.0,0.04,66.53,0.09,0.0,0.64,2.71
2025-09-13 23:00:00,Cape Town,2,68.85,0.0,0.04,66.37,0.08,0.0,0.62,2.61
2025-09-14 00:00:00,Cape Town,2,68.78,0.0,0.04,66.2,0.08,0.0,0.6,2.52
2025-09-14 01:00:00,Cape Town,2,68.71,0.0,0.04,66.06,0.08,0.0,0.58,2.44
2025-09-14 02:00:00,Cape Town,2,68.77,0.0,0.05,66.23,0.09,0.0,0.61,2.56
2025-09-14 03:00:00,Cape Town,2,68.64,0.0,0.06,65.88,0.09,0.0,0.6,2.49
2025-09-14 04:00:00,Cape Town,2,68.63,0.0,0.06,65.72,0.08,0.0,0.59,2.41
2025-09-14 05:00:00,Cape Town,2,68.58,0.0,0.06,65.67,0.08,0.0,0.57,2.31
2025-09-14 06:00:00,Cape Town,2,68.46,0.0,0.06,65.58,0.08,0.0,0.55,2.2
2025-09-14 07:00:00,Cape Town,2,68.41,0.0,0.07,65.76,0.07,0.0,0.54,2.08
2025-09-14 08:00:00,Cape Town,2,68.36,0.01,0.07,65.95,0.07,0.0,0.53,1.97
2025-09-14 09:00:00,Cape Town,2,68.29,0.01,0.06,66.09,0.07,0.0,0.53,1.87
2025-09-14 10:00:00,Cape Town,2,68.16,0.01,0.05,66.28,0.07,0.0,0.52,1.79
2025-09-14 11:00:00,Cape Town,2,68.09,0.01,0.04,66.1,0.07,0.0,0.51,1.74
2025-09-14 12:00:00,Cape Town,2,67.82,0.01,0.04,65.63,0.08,0.0,0.5,1.74
2025-09-14 13:00:00,Cape Town,2,67.65,0.01,0.03,65.11,0.08,0.0,0.5,1.77
2025-09-14 14:00:00,Cape Town,2,67.75,0.01,0.03,64.54,0.09,0.0,0.5,1.83
2025-09-14 15:00:00,Cape Town,2,67.68,0.01,0.04,63.97,0.1,0.0,0.51,1.91
2025-09-14 16:00:00,Cape Town,2,67.69,0.01,0.04,63.3,0.12,0.0,0.53,2.05
2025-09-14 17:00:00,Cape Town,2,67.87,0.0,0.05,62.99,0.13,0.0,0.55,2.26
2025-09-14 18:00:00,Cape Town,2,67.98,0.0,0.06,62.61,0.15,0.0,0.57,2.51
2025-09-14 19:00:00,Cape Town,2,67.97,0.0,0.07,62.23,0.16,0.0,0.61,2.76
2025-09-14 20:00:00,Cape Town,2,68.4,0.0,0.07,62.18,0.18,0.0,0.67,3.03
2025-09-14 21:00:00,Cape Town,2,68.9,0.0,0.08,62.2,0.2,0.0,0.74,3.39
2025-09-14 22:00:00,Cape Town,2,69.5,0.0,0.08,62.24,0.21,0.0,0.83,3.86
2025-09-14 23:00:00,Cape Town,2,69.89,0.0,0.08,62.19,0.23,0.0,0.94,4.48
2025-09-15 00:00:00,Cape Town,2,69.8,0.0,0.08,61.58,0.26,0.0,1.1,5.32
2025-09-15 01:00:00,Cape Town,2,69.32,0.0,0.09,60.72,0.28,0.0,1.29,6.44
2025-09-15 02:00:00,Cape Town,2,68.88,0.0,0.08,60.11,0.31,0.0,1.53,7.77
2025-09-15 03:00:00,Cape Town,1,68.61,0.0,0.08,59.96,0.33,0.0,1.74,8.98
2025-09-15 04:00:00,Cape Town,2,68.61,0.0,0.08,60.19,0.34,0.0,1.93,10.08
2025-09-15 05:00:00,Cape Town,2,69.18,0.0,0.07,60.91,0.34,0.0,2.07,10.92
2025-09-15 06:00:00,Cape Town,2,69.99,0.0,0.07,61.81,0.34,0.0,2.15,11.38
2025-09-15 07:00:00,Cape Town,2,71.04,0.0,0.08,63.02,0.33,0.0,2.15,11.46
2025-09-15 08:00:00,Cape Town,2,72.18,0.0,0.07,64.49,0.32,0.0,2.08,11.02
2025-09-15 09:00:00,Cape Town,2,73.23,0.0,0.07,65.76,0.32,0.0,2.11,11.1
2025-09-15 10:00:00,Cape Town,2,74.4,0.01,0.06,66.63,0.33,0.0,2.23,11.69
2025-09-15 11:00:00,Cape Town,2,75.67,0.0,0.06,66.65,0.35,0.0,2.28,10.88
2025-09-15 12:00:00,Cape Town,2,76.69,0.0,0.05,65.74,0.34,0.0,2.36,10.4
2025-09-15 13:00:00,Cape Town,2,77.75,0.0,0.05,64.04,0.35,0.0,2.51,10.47
2025-09-15 14:00:00,Cape Town,2,78.93,0.0,0.05,61.8,0.34,0.0,2.6,8.32
2025-09-15 15:00:00,Cape Town,1,79.76,0.0,0.05,59.32,0.31,0.0,2.6,7.08
2025-09-15 16:00:00,Cape Town,1,79.68,0.0,0.05,57.13,0.29,0.0,2.54,6.91
2025-09-15 17:00:00,Cape Town,1,78.73,0.0,0.06,56.23,0.29,0.0,2.63,8.22
2025-09-15 18:00:00,Cape Town,1,76.11,0.0,0.05,57.16,0.28,0.0,2.74,9.52
2025-09-15 19:00:00,Cape Town,1,72.82,0.0,0.05,59.59,0.28,0.0,2.89,10.47
2025-09-15 20:00:00,Cape Town,2,69.76,0.0,0.04,61.78,0.27,0.0,2.94,10.46
2025-09-15 21:00:00,Cape Town,2,68.26,0.0,0.04,62.78,0.25,0.0,2.85,9.62
2025-09-15 22:00:00,Cape Town,2,68.01,0.0,0.03,61.95,0.24,0.0,2.89,9.27
2025-09-15 23:00:00,Cape Town,1,67.83,0.0,0.03,59.32,0.23,0.0,2.89,8.71
2025-09-16 00:00:00,Cape Town,1,67.76,0.0,0.03,56.76,0.23,0.0,3.0,8.72
2025-09-16 01:00:00,Cape Town,1,67.71,0.0,0.03,56.26,0.23,0.0,3.13,9.42
2025-09-16 02:00:00,Cape Town,1,67.53,0.0,0.03,58.79,0.24,0.0,3.28,11.12
2025-09-16 03:00:00,Cape Town,2,68.05,0.0,0.03,63.22,0.26,0.0,3.28,12.34
2025-09-16 04:00:00,Cape Town,2,68.68,0.0,0.03,66.23,0.25,0.0,3.07,12.21
2025-09-16 05:00:00,Cape Town,2,69.2,0.0,0.03,67.04,0.24,0.0,2.81,11.76
2025-09-16 06:00:00,Cape Town,2,69.97,0.0,0.03,66.79,0.23,0.0,2.61,11.39
2025-09-16 07:00:00,Cape Town,2,70.46,0.0,0.02,66.7,0.22,0.0,2.45,10.72
2025-09-16 08:00:00,Cape Town,2,70.44,0.0,0.02,66.86,0.21,0.0,2.28,9.95
2025-09-16 09:00:00,Cape Town,2,70.42,0.0,0.02,67.51,0.2,0.0,2.09,8.93
2025-09-16 10:00:00,Cape Town,2,70.24,0.0,0.02,68.17,0.19,0.0,1.9,7.8
2025-09-16 11:00:00,Cape Town,2,69.89,0.0,0.02,68.52,0.18,0.0,1.76,7.08
2025-09-16 12:00:00,Cape Town,2,69.76,0.0,0.02,69.02,0.18,0.0,1.68,6.88
2025-09-16 13:00:00,Cape Town,2,69.76,0.0,0.02,69.44,0.18,0.0,1.63,6.8
2025-09-16 14:00:00,Cape Town,2,69.64,0.0,0.02,69.68,0.18,0.0,1.56,6.5
2025-09-16 15:00:00,Cape Town,2,69.69,0.0,0.02,70.27,0.17,0.0,1.48,5.97
2025-09-16 16:00:00,Cape Town,2,69.71,0.0,0.03,71.02,0.17,0.0,1.37,5.38
2025-09-16 17:00:00,Cape Town,2,69.68,0.0,0.03,71.73,0.16,0.0,1.26,4.86
2025-09-16 18:00:00,Cape Town,2,69.77,0.0,0.03,72.36,0.15,0.0,1.18,4.46
2025-09-16 19:00:00,Cape Town,2,69.86,0.0,0.03,72.94,0.15,0.0,1.12,4.17
2025-09-16 20:00:00,Cape Town,2,69.84,0.0,0.03,73.12,0.14,0.0,1.06,3.9
2025-09-16 21:00:00,Cape Town,2,69.99,0.0,0.03,73.14,0.14,0.0,1.01,3.65
2025-09-16 22:00:00,Cape Town,2,70.17,0.0,0.04,73.13,0.14,0.0,0.97,3.45
2025-09-16 23:00:00,Cape Town,2,70.18,0.0,0.04,72.83,0.13,0.0,0.94,3.33
2025-09-17 00:00:00,Cape Town,2,70.27,0.0,0.04,72.59,0.13,0.0,0.92,3.29
2025-09-17 01:00:00,Cape Town,2,70.38,0.0,0.04,72.38,0.13,0.0,0.9,3.25
2025-09-17 02:00:00,Cape Town,2,70.43,0.0,0.04,72.15,0.13,0.0,0.88,3.19
2025-09-17 03:00:00,Cape Town,2,70.52,0.0,0.04,72.02,0.12,0.0,0.84,3.07
2025-09-17 04:00:00,Cape Town,2,70.68,0.0,0.04,72.26,0.12,0.0,0.81,2.93
2025-09-17 05:00:00,Cape Town,2,71.08,0.0,0.04,72.63,0.11,0.0,0.77,2.81
2025-09-17 06:00:00,Cape Town,2,71.39,0.0,0.04,73.05,0.11,0.0,0.74,2.72
2025-09-17 07:00:00,Cape Town,2,71.72,0.0,0.05,73.58,0.1,0.0,0.72,2.69
2025-09-17 08:00:00,Cape Town,2,72.08,0.0,0.05,73.94,0.1,0.0,0.7,2.67
2025-09-17 09:00:00,Cape Town,2,72.3,0.0,0.05,74.24,0.1,0.0,0.69,2.68
2025-09-17 10:00:00,Cape Town,2,72.43,0.0,0.05,74.45,0.1,0.0,0.68,2.68
2025-09-17 11:00:00,Cape Town,2,72.54,0.0,0.04,74.09,0.1,0.0,0.67,2.66
2025-09-17 12:00:00,Cape Town,2,72.43,0.0,0.04,73.67,0.1,0.0,0.65,2.58
2025-09-17 12:00:00,Cape Town,2,72.54,0.0,0.03,73.73,0.1,0.0,0.68,2.77
2025-09-17 13:00:00,Cape Town,2,72.14,0.01,0.04,73.07,0.09,0.0,0.63,2.48
2025-09-17 13:00:00,Cape Town,2,72.39,0.0,0.03,73.17,0.1,0.0,0.65,2.58
2025-09-17 14:00:00,Cape Town,2,72.41,0.0,0.03,72.68,0.1,0.0,0.62,2.37
2025-09-17 15:00:00,Cape Town,2,72.25,0.0,0.03,72.26,0.09,0.0,0.59,2.17
2025-09-17 16:00:00,Cape Town,2,72.21,0.0,0.03,72.04,0.09,0.0,0.57,2.07
2025-09-17 17:00:00,Cape Town,2,72.16,0.0,0.04,72.07,0.09,0.0,0.56,1.99
2025-09-17 18:00:00,Cape Town,2,72.29,0.0,0.04,72.21,0.09,0.0,0.55,1.96
2025-09-17 19:00:00,Cape Town,2,72.45,0.0,0.04,72.3,0.09,0.0,0.55,1.96
2025-09-17 20:00:00,Cape Town,2,72.47,0.0,0.04,72.66,0.09,0.0,0.54,1.97
2025-09-17 21:00:00,Cape Town,2,72.72,0.0,0.04,73.14,0.09,0.0,0.53,1.94
2025-09-17 22:00:00,Cape Town,2,72.88,0.0,0.04,73.72,0.08,0.0,0.52,1.86
2025-09-17 23:00:00,Cape Town,2,73.1,0.0,0.04,74.41,0.08,0.0,0.51,1.78
2025-09-18 00:00:00,Cape Town,2,73.17,0.0,0.04,74.62,0.08,0.0,0.5,1.7
2025-09-18 01:00:00,Cape Town,2,72.83,0.0,0.04,74.33,0.08,0.0,0.5,1.62
2025-09-18 02:00:00,Cape Town,2,72.49,0.0,0.05,74.11,0.09,0.0,0.51,1.62
2025-09-18 03:00:00,Cape Town,2,71.9,0.0,0.05,73.19,0.09,0.0,0.52,1.62
2025-09-18 04:00:00,Cape Town,2,71.32,0.0,0.05,72.54,0.1,0.0,0.53,1.68
2025-09-18 05:00:00,Cape Town,2,71.04,0.0,0.04,72.28,0.11,0.0,0.54,1.78
2025-09-18 06:00:00,Cape Town,2,70.98,0.0,0.04,72.66,0.11,0.0,0.53,1.82
2025-09-18 07:00:00,Cape Town,2,71.2,0.0,0.05,72.95,0.11,0.0,0.52,1.86
2025-09-18 08:00:00,Cape Town,2,71.56,0.0,0.05,73.05,0.12,0.0,0.5,1.92
2025-09-18 09:00:00,Cape Town,2,71.67,0.01,0.05,72.77,0.12,0.0,0.5,1.93
2025-09-18 10:00:00,Cape Town,2,71.78,0.01,0.04,72.02,0.11,0.0,0.5,1.91
2025-09-18 11:00:00,Cape Town,2,71.73,0.01,0.04,71.36,0.11,0.0,0.5,1.88
2025-09-18 12:00:00,Cape Town,2,71.47,0.01,0.04,70.47,0.1,0.0,0.5,1.85
2025-09-18 13:00:00,Cape Town,2,71.34,0.01,0.04,69.64,0.09,0.0,0.5,1.82
2025-09-18 14:00:00,Cape Town,2,71.19,0.01,0.04,69.0,0.09,0.0,0.5,1.78
2025-09-18 15:00:00,Cape Town,2,71.06,0.01,0.04,68.35,0.09,0.0,0.5,1.74
2025-09-18 16:00:00,Cape Town,2,70.86,0.0,0.05,67.85,0.08,0.0,0.5,1.7
2025-09-18 17:00:00,Cape Town,2,70.82,0.0,0.05,67.48,0.08,0.0,0.5,1.65
2025-09-18 18:00:00,Cape Town,2,70.79,0.0,0.06,67.31,0.08,0.0,0.5,1.6
2025-09-18 19:00:00,Cape Town,2,70.78,0.0,0.06,67.2,0.08,0.0,0.5,1.55
2025-09-18 20:00:00,Cape Town,2,70.74,0.0,0.06,67.35,0.09,0.0,0.5,1.49
2025-09-18 21:00:00,Cape Town,2,70.76,0.0,0.05,67.72,0.09,0.0,0.5,1.43
2025-09-18 22:00:00,Cape Town,2,70.89,0.0,0.05,68.16,0.1,0.0,0.5,1.38
2025-09-18 23:00:00,Cape Town,2,70.92,0.0,0.06,68.57,0.11,0.0,0.5,1.37
2025-09-19 00:00:00,Cape Town,2,71.08,0.0,0.06,68.85,0.12,0.0,0.5,1.43
2025-09-19 01:00:00,Cape Town,2,71.18,0.0,0.07,69.16,0.14,0.0,0.5,1.56
2025-09-19 02:00:00,Cape Town,2,71.41,0.0,0.09,69.23,0.16,0.01,0.5,1.75
2025-09-19 03:00:00,Cape Town,2,71.6,0.0,0.12,69.44,0.19,0.03,0.51,2.03
2025-09-19 04:00:00,Cape Town,2,71.69,0.0,0.15,69.65,0.23,0.04,0.53,2.35
2025-09-19 05:00:00,Cape Town,2,71.68,0.0,0.18,69.97,0.26,0.04,0.62,2.72
2025-09-19 06:00:00,Cape Town,2,71.49,0.0,0.21,70.1,0.29,0.05,0.73,3.15
2025-09-19 07:00:00,Cape Town,2,71.42,0.0,0.26,69.91,0.31,0.05,0.85,3.61
2025-09-19 08:00:00,Cape Town,2,71.64,0.02,0.27,69.6,0.33,0.05,0.98,4.05
2025-09-19 09:00:00,Cape Town,2,72.27,0.04,0.25,69.47,0.35,0.06,1.13,4.5
2025-09-19 10:00:00,Cape Town,2,73.11,0.05,0.23,70.0,0.38,0.07,1.33,5.02
2025-09-19 11:00:00,Cape Town,2,73.9,0.04,0.19,71.16,0.41,0.08,1.58,5.63
2025-09-19 12:00:00,Cape Town,2,74.22,0.04,0.16,72.19,0.43,0.09,1.86,6.27
2025-09-19 13:00:00,Cape Town,2,74.12,0.03,0.15,73.09,0.46,0.1,2.13,6.9
2025-09-19 14:00:00,Cape Town,2,73.99,0.03,0.15,74.13,0.47,0.1,2.33,7.58
2025-09-19 15:00:00,Cape Town,2,73.49,0.03,0.17,74.84,0.49,0.09,2.44,8.13
2025-09-19 16:00:00,Cape Town,2,73.24,0.03,0.23,75.1,0.51,0.08,2.47,8.44
2025-09-19 17:00:00,Cape Town,2,73.08,0.01,0.32,74.83,0.52,0.07,2.45,8.66
2025-09-19 18:00:00,Cape Town,2,72.77,0.0,0.41,73.72,0.53,0.06,2.42,8.78
2025-09-19 19:00:00,Cape Town,2,72.43,0.0,0.48,72.25,0.54,0.05,2.34,8.58
2025-09-19 20:00:00,Cape Town,2,72.76,0.0,0.57,71.3,0.56,0.05,2.33,8.23
2025-09-19 21:00:00,Cape Town,2,74.31,0.0,0.68,70.77,0.61,0.07,2.54,8.15
2025-09-19 22:00:00,Cape Town,2,77.26,0.0,0.78,70.55,0.68,0.1,2.95,8.35
2025-09-19 23:00:00,Cape Town,2,81.13,0.0,0.86,69.96,0.79,0.14,3.38,8.6
2025-09-20 00:00:00,Cape Town,2,89.24,0.0,1.0,67.91,1.13,0.22,3.75,8.82
2025-09-20 01:00:00,Cape Town,2,103.83,0.0,1.33,64.82,1.69,0.35,4.28,9.25
2025-09-20 02:00:00,Cape Town,2,116.06,0.0,1.64,62.21,1.94,0.38,4.85,9.96
2025-09-20 03:00:00,Cape Town,2,107.92,0.0,1.37,61.76,1.48,0.25,4.79,10.5
2025-09-20 04:00:00,Cape Town,2,87.11,0.0,0.81,63.34,0.93,0.11,4.31,11.49
2025-09-20 05:00:00,Cape Town,2,74.98,0.0,0.37,67.2,0.58,0.04,3.86,12.31
2025-09-20 06:00:00,Cape Town,2,73.45,0.0,0.22,68.91,0.5,0.01,3.96,14.21
2025-09-20 07:00:00,Cape Town,2,73.15,0.01,0.18,69.39,0.49,0.0,4.04,15.56
2025-09-20 08:00:00,Cape Town,2,72.77,0.01,0.13,69.04,0.44,0.0,3.63,14.31
2025-09-20 09:00:00,Cape Town,2,72.13,0.02,0.09,68.15,0.38,0.0,3.0,11.99
2025-09-20 10:00:00,Cape Town,2,71.64,0.01,0.06,67.13,0.32,0.0,2.34,9.55
2025-09-20 11:00:00,Cape Town,2,70.87,0.01,0.04,65.88,0.26,0.0,1.7,7.09
2025-09-20 12:00:00,Cape Town,2,70.18,0.01,0.03,64.27,0.23,0.0,1.31,5.56
2025-09-20 13:00:00,Cape Town,2,69.55,0.01,0.03,62.86,0.22,0.0,1.14,4.86
2025-09-20 14:00:00,Cape Town,2,69.39,0.01,0.03,62.66,0.21,0.0,1.06,4.46
2025-09-20 15:00:00,Cape Town,2,69.54,0.01,0.03,63.39,0.21,0.0,1.02,4.24
2025-09-20 16:00:00,Cape Town,2,69.86,0.01,0.04,64.58,0.2,0.0,0.98,4.05
2025-09-20 17:00:00,Cape Town,2,70.23,0.0,0.05,65.74,0.19,0.0,0.93,3.84
2025-09-20 18:00:00,Cape Town,2,70.41,0.0,0.06,66.46,0.18,0.0,0.88,3.62
2025-09-20 19:00:00,Cape Town,2,70.5,0.0,0.06,66.71,0.17,0.0,0.83,3.4
2025-09-20 20:00:00,Cape Town,2,70.42,0.0,0.06,66.59,0.16,0.0,0.79,3.17
2025-09-20 21:00:00,Cape Town,2,70.33,0.0,0.06,66.13,0.15,0.0,0.75,2.95
2025-09-20 22:00:00,Cape Town,2,70.2,0.0,0.06,65.47,0.14,0.0,0.72,2.79
2025-09-20 23:00:00,Cape Town,2,70.03,0.0,0.06,64.55,0.13,0.0,0.71,2.69
2025-09-21 00:00:00,Cape Town,2,69.91,0.0,0.06,63.83,0.13,0.0,0.7,2.65
2025-09-21 01:00:00,Cape Town,2,69.76,0.0,0.06,63.14,0.12,0.0,0.71,2.63
2025-09-21 02:00:00,Cape Town,2,69.56,0.0,0.06,62.41,0.12,0.0,0.72,2.62
2025-09-21 03:00:00,Cape Town,2,69.42,0.0,0.06,61.97,0.12,0.0,0.72,2.63
2025-09-21 04:00:00,Cape Town,2,69.26,0.0,0.06,61.73,0.12,0.0,0.72,2.62
2025-09-21 05:00:00,Cape Town,2,69.07,0.0,0.05,61.63,0.11,0.0,0.71,2.53
2025-09-21 06:00:00,Cape Town,2,68.96,0.0,0.05,61.47,0.12,0.0,0.71,2.51
2025-09-21 07:00:00,Cape Town,2,68.92,0.0,0.06,61.33,0.13,0.0,0.73,2.61
2025-09-21 08:00:00,Cape Town,2,68.88,0.0,0.07,61.29,0.15,0.0,0.77,2.78
2025-09-21 09:00:00,Cape Town,2,68.96,0.01,0.07,61.22,0.16,0.0,0.8,2.92
2025-09-21 10:00:00,Cape Town,2,68.93,0.01,0.06,61.16,0.16,0.0,0.82,3.01
2025-09-21 11:00:00,Cape Town,2,68.9,0.01,0.05,61.11,0.17,0.0,0.83,3.09
2025-09-21 12:00:00,Cape Town,2,68.84,0.01,0.05,61.05,0.17,0.0,0.82,3.05
2025-09-21 13:00:00,Cape Town,2,68.81,0.01,0.05,60.97,0.17,0.0,0.82,2.93
2025-09-05 12:00:00,London,2,110.7,0.52,2.01,71.73,1.76,0.28,0.67,1.37
2025-09-05 13:00:00,London,2,110.34,0.5,2.03,74.97,1.9,0.24,0.84,1.75
2025-09-05 14:00:00,London,2,110.07,0.49,2.14,77.96,2.08,0.19,1.04,2.25
2025-09-05 15:00:00,London,2,109.87,0.5,2.37,80.32,2.32,0.14,1.24,2.8
2025-09-05 16:00:00,London,2,110.04,0.49,2.62,81.72,2.48,0.1,1.36,3.19
2025-09-05 17:00:00,London,2,110.31,0.46,2.97,81.95,2.61,0.07,1.4,3.35
2025-09-05 18:00:00,London,2,110.77,0.29,3.66,80.78,2.73,0.05,1.36,3.32
2025-09-05 19:00:00,London,2,111.06,0.09,4.48,79.05,2.88,0.05,1.31,3.22
2025-09-05 20:00:00,London,2,110.99,0.0,5.04,77.57,3.08,0.04,1.3,3.17
2025-09-05 21:00:00,London,2,111.03,0.0,5.5,76.34,3.33,0.04,1.34,3.19
2025-09-05 22:00:00,London,2,110.89,0.0,5.76,75.5,3.49,0.04,1.38,3.21
2025-09-05 23:00:00,London,2,110.44,0.0,5.51,75.35,3.37,0.04,1.37,3.11
2025-09-06 00:00:00,London,2,109.87,0.0,4.98,75.34,3.08,0.07,1.34,2.96
2025-09-06 01:00:00,London,2,109.76,0.0,4.5,75.41,2.83,0.13,1.33,2.9
2025-09-06 02:00:00,London,2,109.9,0.0,4.33,74.82,2.75,0.23,1.39,3.02
2025-09-06 03:00:00,London,2,110.46,0.0,5.05,72.96,3.13,0.31,1.68,3.67
2025-09-06 04:00:00,London,2,111.57,0.0,5.66,70.15,3.48,0.38,2.2,4.74
2025-09-06 05:00:00,London,2,112.89,0.0,6.52,66.19,3.88,0.42,2.91,6.05
2025-09-06 06:00:00,London,2,113.77,0.0,7.19,61.76,4.12,0.46,3.54,7.02
2025-09-06 07:00:00,London,1,114.83,0.0,7.35,57.66,4.03,0.51,3.88,7.39
2025-09-06 08:00:00,London,1,117.0,0.24,7.41,54.3,3.9,0.58,4.01,7.48
2025-09-06 09:00:00,London,1,120.56,0.93,6.99,52.22,3.82,0.64,4.11,7.71
2025-09-06 10:00:00,London,1,125.21,1.53,6.62,52.48,3.77,0.67,4.34,8.32
2025-09-06 11:00:00,London,1,129.71,1.74,6.14,57.36,3.67,0.67,4.73,9.21
2025-09-06 12:00:00,London,2,133.04,1.55,5.26,68.89,3.47,0.65,5.56,10.32
2025-09-06 13:00:00,London,2,134.53,1.08,4.14,83.84,3.15,0.63,7.0,11.52
2025-09-06 14:00:00,London,2,132.05,0.63,2.85,96.54,2.6,0.57,7.81,11.44
2025-09-06 15:00:00,London,3,127.98,0.44,2.3,102.99,2.3,0.54,8.01,10.99
2025-09-06 16:00:00,London,3,124.02,0.39,2.27,104.67,2.13,0.55,7.59,10.21
2025-09-06 17:00:00,London,3,120.31,0.36,2.5,103.35,2.06,0.59,6.71,9.09
2025-09-06 18:00:00,London,2,116.76,0.29,3.05,99.69,2.12,0.64,5.69,7.97
2025-09-06 19:00:00,London,2,113.67,0.13,3.82,95.58,2.22,0.71,4.81,7.05
2025-09-06 20:00:00,London,2,112.71,0.0,4.33,93.05,2.31,0.85,4.27,6.51
2025-09-06 21:00:00,London,2,111.69,0.0,4.59,91.18,2.41,1.02,3.98,6.25
2025-09-06 22:00:00,London,2,111.12,0.0,4.95,88.61,2.52,1.21,3.78,6.14
2025-09-06 23:00:00,London,2,110.58,0.0,5.24,85.21,2.58,1.39,3.54,5.99
2025-09-07 00:00:00,London,2,110.6,0.0,5.62,81.37,2.65,1.51,3.31,5.81
2025-09-07 01:00:00,London,2,111.16,0.0,6.06,77.45,2.73,1.62,3.15,5.62
2025-09-07 02:00:00,London,2,111.87,0.0,6.56,73.58,2.86,1.7,3.08,5.53
2025-09-07 03:00:00,London,2,112.28,0.0,7.14,70.16,3.08,1.72,3.11,5.56
2025-09-07 04:00:00,London,2,111.97,0.0,7.57,66.97,3.27,1.7,3.15,5.57
2025-09-07 05:00:00,London,2,111.24,0.0,7.85,64.95,3.42,1.63,3.21,5.57
2025-09-07 06:00:00,London,2,110.26,0.0,7.94,63.5,3.5,1.52,3.3,5.61
2025-09-07 07:00:00,London,2,109.38,0.0,7.96,62.62,3.56,1.41,3.42,5.72
2025-09-07 08:00:00,London,2,108.56,0.05,8.1,61.65,3.58,1.31,3.56,5.85
2025-09-07 09:00:00,London,2,107.35,0.26,8.19,60.36,3.61,1.27,3.7,6.0
2025-09-07 10:00:00,London,1,106.15,0.61,8.01,58.95,3.65,1.3,3.84,6.21
2025-09-07 11:00:00,London,1,105.08,0.89,7.72,57.83,3.69,1.44,3.98,6.51
2025-09-07 12:00:00,London,1,104.15,1.11,7.52,58.06,3.85,1.64,4.16,6.98
2025-09-07 13:00:00,London,2,103.21,1.4,6.94,61.8,4.05,1.79,4.4,7.74
2025-09-07 14:00:00,London,2,103.4,0.8,7.81,65.9,4.24,1.92,4.76,8.87
2025-09-07 15:00:00,London,2,104.63,0.53,8.29,68.64,4.25,1.98,5.16,10.11
2025-09-07 16:00:00,London,2,106.21,0.41,8.42,69.54,4.16,1.8,5.44,10.86
2025-09-07 17:00:00,London,2,107.26,0.27,8.28,70.18,3.85,1.35,5.38,10.44
2025-09-07 18:00:00,London,2,106.97,0.18,7.82,71.56,3.55,0.79,4.87,9.06
2025-09-07 19:00:00,London,2,106.59,0.07,7.18,73.8,3.39,0.38,4.34,8.14
2025-09-07 20:00:00,London,2,105.94,0.0,6.31,75.46,3.23,0.17,4.34,8.76
2025-09-07 21:00:00,London,2,107.39,0.0,6.14,76.44,3.38,0.09,4.7,10.26
2025-09-07 22:00:00,London,2,108.58,0.0,6.26,76.26,3.57,0.05,4.83,11.14
2025-09-07 23:00:00,London,2,108.52,0.0,6.27,74.94,3.58,0.04,4.48,10.57
2025-09-08 00:00:00,London,2,108.13,0.0,5.79,73.66,3.2,0.04,3.53,8.24
2025-09-08 01:00:00,London,2,107.29,0.0,4.69,72.3,2.54,0.08,2.31,5.35
2025-09-08 02:00:00,London,2,105.47,0.0,2.99,72.05,1.61,0.1,1.29,3.09
2025-09-08 03:00:00,London,2,104.49,0.0,2.46,72.53,1.33,0.08,0.92,2.37
2025-09-08 04:00:00,London,2,103.79,0.0,2.37,74.72,1.3,0.05,0.81,2.18
2025-09-08 05:00:00,London,2,103.22,0.0,2.32,77.83,1.31,0.03,0.75,2.05
2025-09-08 06:00:00,London,2,103.34,0.0,2.31,79.88,1.33,0.03,0.7,2.02
2025-09-08 07:00:00,London,2,103.92,0.0,2.34,79.75,1.38,0.03,0.68,2.08
2025-09-08 08:00:00,London,2,104.33,0.06,2.4,78.38,1.44,0.03,0.67,2.15
2025-09-08 09:00:00,London,2,104.77,0.22,2.23,77.33,1.46,0.03,0.67,2.17
2025-09-08 10:00:00,London,2,104.94,0.34,2.0,77.63,1.45,0.03,0.66,2.1
2025-09-08 11:00:00,London,2,104.45,0.35,1.79,79.16,1.41,0.02,0.66,1.97
2025-09-08 12:00:00,London,2,103.93,0.3,1.67,81.78,1.4,0.02,0.68,1.88
2025-09-08 13:00:00,London,2,103.6,0.24,1.61,84.09,1.4,0.02,0.71,1.87
2025-09-08 14:00:00,London,2,103.35,0.23,1.52,85.44,1.4,0.01,0.76,1.92
2025-09-08 15:00:00,London,2,103.26,0.24,1.45,85.99,1.41,0.01,0.81,2.0
2025-09-08 16:00:00,London,2,103.35,0.25,1.46,85.91,1.44,0.01,0.84,2.06
2025-09-08 17:00:00,London,2,103.63,0.23,1.7,84.89,1.52,0.01,0.86,2.15
2025-09-08 18:00:00,London,2,103.9,0.14,2.17,83.24,1.64,0.02,0.86,2.23
2025-09-08 19:00:00,London,2,104.0,0.04,2.58,81.6,1.71,0.02,0.84,2.25
2025-09-08 20:00:00,London,2,104.28,0.0,2.71,80.89,1.74,0.03,0.81,2.26
2025-09-08 21:00:00,London,2,104.47,0.0,2.71,81.06,1.73,0.03,0.79,2.23
2025-09-08 22:00:00,London,2,104.48,0.0,2.67,81.53,1.71,0.03,0.77,2.17
2025-09-08 23:00:00,London,2,104.48,0.0,2.59,82.01,1.65,0.03,0.72,2.01
2025-09-09 00:00:00,London,2,104.39,0.0,2.57,82.32,1.62,0.03,0.67,1.84
2025-09-09 01:00:00,London,2,104.38,0.0,2.62,82.08,1.63,0.04,0.64,1.71
2025-09-09 02:00:00,London,2,104.46,0.0,2.64,81.52,1.63,0.05,0.61,1.56
2025-09-09 03:00:00,London,2,104.71,0.0,2.63,80.72,1.61,0.05,0.56,1.4
2025-09-09 04:00:00,London,2,104.79,0.0,2.62,79.68,1.59,0.06,0.53,1.25
2025-09-09 05:00:00,London,2,105.17,0.0,2.63,78.75,1.57,0.08,0.5,1.14
2025-09-09 06:00:00,London,2,105.49,0.0,2.64,77.76,1.55,0.11,0.5,1.05
2025-09-09 07:00:00,London,2,105.82,0.0,2.64,76.62,1.53,0.16,0.5,0.99
2025-09-09 08:00:00,London,2,105.83,0.06,2.68,75.85,1.52,0.21,0.5,0.95
2025-09-09 09:00:00,London,2,105.82,0.22,2.53,75.52,1.53,0.27,0.5,0.94
2025-09-09 10:00:00,London,2,105.63,0.35,2.31,75.67,1.53,0.33,0.51,0.97
2025-09-09 11:00:00,London,2,105.41,0.36,2.13,76.27,1.52,0.38,0.54,1.03
2025-09-09 12:00:00,London,2,105.35,0.29,2.06,76.71,1.48,0.43,0.59,1.12
2025-09-09 12:00:00,London,2,104.48,0.23,1.62,78.35,1.15,0.68,0.61,1.18
2025-09-09 13:00:00,London,2,105.3,0.22,2.07,76.74,1.42,0.46,0.62,1.18
2025-09-09 13:00:00,London,2,104.42,0.19,1.62,79.05,1.15,0.64,0.62,1.19
2025-09-09 14:00:00,London,2,104.36,0.22,1.47,79.92,1.1,0.58,0.6,1.1
2025-09-09 15:00:00,London,2,103.92,0.23,1.35,80.42,1.04,0.56,0.59,0.98
2025-09-09 16:00:00,London,2,103.61,0.23,1.28,80.82,1.01,0.57,0.57,0.87
2025-09-09 17:00:00,London,2,103.44,0.21,1.34,81.41,1.01,0.61,0.54,0.78
2025-09-09 18:00:00,London,2,103.12,0.14,1.55,81.06,1.04,0.7,0.51,0.74
2025-09-09 19:00:00,London,2,102.98,0.05,1.84,80.2,1.1,0.82,0.5,0.75
2025-09-09 20:00:00,London,2,103.25,0.0,2.03,79.22,1.16,0.95,0.5,0.78
2025-09-09 21:00:00,London,2,103.46,0.0,2.12,78.09,1.19,1.07,0.5,0.8
2025-09-09 22:00:00,London,2,103.52,0.0,2.16,76.77,1.18,1.17,0.5,0.82
2025-09-09 23:00:00,London,2,104.09,0.0,2.17,75.07,1.15,1.26,0.5,0.83
2025-09-10 00:00:00,London,2,104.3,0.0,2.17,73.15,1.11,1.26,0.5,0.86
2025-09-10 01:00:00,London,2,104.42,0.0,2.05,71.85,1.02,1.09,0.5,0.9
2025-09-10 02:00:00,London,2,103.23,0.0,1.97,72.43,1.0,0.61,0.5,0.84
2025-09-10 03:00:00,London,2,103.15,0.0,1.73,73.21,0.85,0.41,0.5,0.8
2025-09-10 04:00:00,London,2,103.26,0.0,1.6,73.84,0.75,0.28,0.5,0.81
2025-09-10 05:00:00,London,2,103.51,0.0,1.64,74.21,0.74,0.18,0.5,0.79
2025-09-10 06:00:00,London,2,104.27,0.0,1.9,73.83,0.83,0.12,0.5,0.79
2025-09-10 07:00:00,London,2,105.67,0.0,2.18,72.68,0.93,0.11,0.54,0.87
2025-09-10 08:00:00,London,2,108.65,0.0,2.44,71.58,1.04,0.14,0.65,1.06
2025-09-10 09:00:00,London,2,113.74,0.01,2.59,72.17,1.11,0.16,0.82,1.27
2025-09-10 10:00:00,London,2,118.45,0.03,2.68,72.67,1.13,0.17,0.98,1.45
2025-09-10 11:00:00,London,2,121.36,0.06,2.95,72.4,1.28,0.18,1.08,1.58
2025-09-10 12:00:00,London,2,121.23,0.11,3.31,70.64,1.45,0.17,1.12,1.64
2025-09-10 13:00:00,London,2,119.74,0.16,3.42,69.12,1.52,0.15,1.1,1.62
2025-09-10 14:00:00,London,2,118.01,0.16,3.4,68.34,1.52,0.13,1.06,1.6
2025-09-10 15:00:00,London,2,118.39,0.14,3.34,68.92,1.49,0.13,1.07,1.64
2025-09-10 16:00:00,London,2,121.48,0.1,3.32,70.27,1.45,0.14,1.09,1.7
2025-09-10 17:00:00,London,2,127.31,0.09,3.14,72.75,1.36,0.16,1.1,1.76
2025-09-10 18:00:00,London,2,133.16,0.07,3.02,74.81,1.29,0.14,1.09,1.92
2025-09-10 19:00:00,London,2,134.68,0.03,3.12,76.08,1.31,0.09,1.24,2.46
2025-09-10 20:00:00,London,2,125.28,0.0,2.96,73.75,1.33,0.06,1.88,4.02
2025-09-10 21:00:00,London,2,111.42,0.0,2.48,64.93,1.26,0.1,2.41,5.41
2025-09-10 22:00:00,London,2,118.37,0.0,2.12,64.83,1.1,0.16,2.18,5.39
2025-09-10 23:00:00,London,2,136.26,0.0,1.8,73.64,0.95,0.18,1.76,4.86
2025-09-11 00:00:00,London,2,142.91,0.0,1.67,77.43,0.91,0.16,1.48,4.52
2025-09-11 01:00:00,London,2,140.35,0.0,1.6,77.21,0.89,0.14,1.28,4.11
2025-09-11 02:00:00,London,2,140.59,0.0,1.54,78.01,0.86,0.12,1.09,3.41
2025-09-11 03:00:00,London,2,146.34,0.0,1.5,81.33,0.84,0.1,0.99,2.92
2025-09-11 04:00:00,London,2,147.57,0.0,1.51,83.01,0.85,0.09,1.03,2.8
2025-09-11 05:00:00,London,2,140.0,0.0,1.54,82.56,0.86,0.07,1.14,2.9
2025-09-11 06:00:00,London,2,130.77,0.0,1.63,80.75,0.9,0.05,1.29,3.0
2025-09-11 07:00:00,London,2,126.24,0.0,1.7,78.86,0.93,0.03,1.45,3.13
2025-09-11 08:00:00,London,2,124.85,0.02,2.01,76.7,1.07,0.03,1.56,3.16
2025-09-11 09:00:00,London,2,124.61,0.11,2.26,74.66,1.18,0.03,1.59,3.31
2025-09-11 10:00:00,London,2,122.74,0.25,2.14,73.15,1.24,0.03,1.57,3.58
2025-09-11 11:00:00,London,2,118.56,0.32,1.84,71.98,1.24,0.03,1.63,4.17
2025-09-11 12:00:00,London,2,115.09,0.29,1.5,72.1,1.18,0.03,1.63,4.67
2025-09-11 13:00:00,London,2,114.98,0.26,1.26,71.28,1.09,0.04,1.57,4.73
2025-09-11 14:00:00,London,2,120.89,0.23,1.04,68.67,0.94,0.03,1.39,4.22
2025-09-11 15:00:00,London,2,128.75,0.22,0.97,66.45,0.87,0.04,1.23,3.79
2025-09-11 16:00:00,London,2,130.35,0.21,0.99,67.1,0.85,0.04,1.13,3.59
2025-09-11 17:00:00,London,2,124.84,0.17,1.07,68.72,0.84,0.04,1.05,3.37
2025-09-11 18:00:00,London,2,119.29,0.1,1.25,69.36,0.85,0.04,0.99,3.15
2025-09-11 19:00:00,London,2,116.81,0.03,1.46,68.99,0.87,0.04,0.97,3.09
2025-09-11 20:00:00,London,2,114.27,0.0,1.55,68.03,0.88,0.04,0.96,3.05
2025-09-11 21:00:00,London,2,110.66,0.0,1.58,68.6,0.88,0.04,0.94,3.05
2025-09-11 22:00:00,London,2,105.4,0.0,1.58,71.82,0.87,0.04,0.92,2.99
2025-09-11 23:00:00,London,2,102.24,0.0,1.55,74.35,0.86,0.04,0.9,2.93
2025-09-12 00:00:00,London,2,103.46,0.0,1.51,73.98,0.85,0.05,0.91,2.99
2025-09-12 01:00:00,London,2,106.77,0.0,1.49,71.89,0.85,0.05,0.93,3.05
2025-09-12 02:00:00,London,2,109.46,0.0,1.45,70.11,0.83,0.06,0.93,3.05
2025-09-12 03:00:00,London,2,111.25,0.0,1.4,69.68,0.82,0.06,0.91,2.96
2025-09-12 04:00:00,London,2,112.67,0.0,1.37,69.79,0.8,0.06,0.86,2.8
2025-09-12 05:00:00,London,2,113.22,0.0,1.35,70.1,0.79,0.06,0.82,2.67
2025-09-12 06:00:00,London,2,113.36,0.0,1.38,70.7,0.81,0.06,0.8,2.59
2025-09-12 07:00:00,London,2,112.58,0.0,1.43,71.45,0.83,0.06,0.78,2.51
2025-09-12 08:00:00,London,2,111.11,0.02,1.5,72.68,0.86,0.05,0.75,2.32
2025-09-12 09:00:00,London,2,109.96,0.1,1.5,74.24,0.87,0.04,0.73,2.16
2025-09-12 10:00:00,London,2,109.8,0.16,1.47,76.11,0.89,0.03,0.73,2.11
2025-09-12 11:00:00,London,2,109.62,0.19,1.41,78.06,0.91,0.03,0.74,2.08
2025-09-12 12:00:00,London,2,110.42,0.2,1.33,80.57,0.93,0.02,0.8,2.22
2025-09-12 13:00:00,London,2,110.95,0.19,1.26,83.14,0.95,0.02,0.88,2.41
2025-09-12 14:00:00,London,2,111.41,0.19,1.18,85.2,0.95,0.02,0.99,2.7
2025-09-12 15:00:00,London,2,111.53,0.2,1.12,86.1,0.95,0.02,1.05,2.89
2025-09-12 16:00:00,London,2,111.56,0.2,1.12,86.14,0.95,0.02,1.04,2.97
2025-09-12 17:00:00,London,2,111.81,0.16,1.25,85.58,0.96,0.02,0.97,2.89
2025-09-12 18:00:00,London,2,111.38,0.07,1.48,84.2,0.95,0.02,0.83,2.45
2025-09-12 19:00:00,London,2,110.85,0.01,1.66,83.13,0.93,0.02,0.66,1.98
2025-09-12 20:00:00,London,2,111.25,0.0,1.76,83.07,0.94,0.02,0.52,1.36
2025-09-12 21:00:00,London,2,112.3,0.0,1.91,83.15,0.94,0.02,0.52,1.14
2025-09-12 22:00:00,London,2,113.08,0.0,2.05,83.38,0.96,0.02,0.53,1.11
2025-09-12 23:00:00,London,2,112.23,0.0,2.1,83.11,0.94,0.02,0.56,1.11
2025-09-13 00:00:00,London,2,111.4,0.0,2.08,83.42,0.92,0.02,0.6,1.21
2025-09-13 01:00:00,London,2,110.48,0.0,2.0,84.29,0.9,0.02,0.65,1.37
2025-09-13 02:00:00,London,2,109.05,0.0,1.9,85.59,0.84,0.02,0.69,1.51
2025-09-13 03:00:00,London,2,107.3,0.0,1.81,86.46,0.82,0.02,0.71,1.62
2025-09-13 04:00:00,London,2,106.1,0.0,1.75,85.67,0.8,0.02,0.7,1.65
2025-09-13 05:00:00,London,2,106.11,0.0,1.73,83.17,0.79,0.02,0.69,1.63
2025-09-13 06:00:00,London,2,106.3,0.0,1.78,79.88,0.79,0.02,0.67,1.54
2025-09-13 07:00:00,London,2,106.5,0.0,1.85,77.94,0.81,0.02,0.67,1.5
2025-09-13 08:00:00,London,2,106.85,0.02,1.94,77.93,0.89,0.02,0.73,1.63
2025-09-13 09:00:00,London,2,106.71,0.11,1.91,78.99,0.94,0.02,0.78,1.77
2025-09-13 10:00:00,London,2,106.22,0.21,1.75,80.67,0.97,0.02,0.82,1.89
2025-09-13 11:00:00,London,2,105.3,0.26,1.54,82.17,0.98,0.02,0.85,2.03
2025-09-13 12:00:00,London,2,103.8,0.25,1.36,83.55,0.97,0.02,0.87,2.18
2025-09-13 12:00:00,London,2,102.86,0.28,1.38,83.55,0.92,0.02,0.88,2.13
2025-09-13 13:00:00,London,2,102.48,0.23,1.22,85.56,0.96,0.02,0.9,2.38
2025-09-13 13:00:00,London,2,101.87,0.26,1.21,85.12,0.92,0.02,0.92,2.36
2025-09-13 14:00:00,London,2,101.25,0.24,1.11,87.33,0.94,0.02,1.02,2.78
2025-09-13 15:00:00,London,2,100.27,0.21,1.09,90.24,0.98,0.02,1.13,3.3
2025-09-13 16:00:00,London,2,99.38,0.19,1.14,92.92,1.01,0.03,1.22,3.76
2025-09-13 17:00:00,London,2,99.0,0.15,1.24,94.14,1.0,0.05,1.21,3.85
2025-09-13 18:00:00,London,2,99.11,0.09,1.41,92.76,0.99,0.07,1.11,3.51
2025-09-13 19:00:00,London,2,99.4,0.02,1.6,90.04,0.99,0.08,0.99,3.05
2025-09-13 20:00:00,London,2,99.64,0.0,1.69,87.44,1.0,0.1,0.88,2.55
2025-09-13 21:00:00,London,2,100.01,0.0,1.74,86.35,1.0,0.11,0.8,2.21
2025-09-13 22:00:00,London,2,100.01,0.0,1.77,85.96,1.0,0.11,0.74,1.99
2025-09-13 23:00:00,London,2,99.79,0.0,1.83,86.01,1.02,0.12,0.73,1.98
2025-09-14 00:00:00,London,2,99.54,0.0,1.96,86.5,1.11,0.12,0.77,2.1
2025-09-14 01:00:00,London,2,99.39,0.0,2.12,86.76,1.2,0.14,0.8,2.23
2025-09-14 02:00:00,London,2,99.32,0.0,2.32,87.25,1.33,0.15,0.82,2.31
2025-09-14 03:00:00,London,2,99.06,0.0,2.66,87.66,1.54,0.15,0.83,2.38
2025-09-14 04:00:00,London,2,98.9,0.0,3.01,88.07,1.76,0.15,0.83,2.42
2025-09-14 05:00:00,London,2,98.73,0.0,3.33,88.63,1.97,0.14,0.83,2.44
2025-09-14 06:00:00,London,2,99.11,0.0,3.59,89.89,2.17,0.12,0.85,2.56
2025-09-14 07:00:00,London,2,99.76,0.0,3.78,90.68,2.35,0.09,0.89,2.74
2025-09-14 08:00:00,London,2,101.11,0.01,3.96,89.65,2.47,0.1,0.92,2.85
2025-09-14 09:00:00,London,2,102.43,0.07,4.02,86.55,2.46,0.18,1.0,2.9
2025-09-14 10:00:00,London,2,103.12,0.22,3.68,81.88,2.29,0.31,1.12,2.88
2025-09-14 11:00:00,London,2,102.99,0.14,3.67,76.7,2.08,0.38,1.24,2.67
2025-09-14 12:00:00,London,2,102.16,0.19,3.66,72.02,2.08,0.36,1.38,2.63
2025-09-14 13:00:00,London,2,101.24,0.22,3.53,68.45,2.1,0.34,1.57,2.9
2025-09-14 14:00:00,London,2,100.86,0.18,3.49,64.74,1.97,0.39,1.68,3.09
2025-09-14 15:00:00,London,2,100.38,0.17,3.6,60.26,1.69,0.45,1.6,2.92
2025-09-14 16:00:00,London,1,101.08,0.15,4.04,56.38,1.52,0.52,1.57,2.84
2025-09-14 17:00:00,London,1,100.46,0.12,4.39,56.86,1.53,0.45,2.22,3.68
2025-09-14 18:00:00,London,2,91.03,0.04,3.96,66.52,1.54,0.22,4.34,6.57
2025-09-14 19:00:00,London,2,83.25,0.0,3.14,76.84,1.45,0.1,5.23,8.19
2025-09-14 20:00:00,London,2,81.78,0.0,2.72,80.2,1.32,0.07,4.21,6.92
2025-09-14 21:00:00,London,2,81.2,0.0,2.55,80.56,1.24,0.05,3.73,6.33
2025-09-14 22:00:00,London,2,81.43,0.0,2.46,80.76,1.23,0.03,3.93,6.98
2025-09-14 23:00:00,London,2,83.68,0.0,2.35,80.54,1.28,0.02,4.52,8.91
2025-09-15 00:00:00,London,2,90.04,0.0,2.19,77.95,1.32,0.01,5.11,11.49
2025-09-15 01:00:00,London,2,95.78,0.0,2.03,75.9,1.31,0.02,5.24,13.41
2025-09-15 02:00:00,London,2,97.42,0.0,1.73,78.23,1.16,0.02,4.54,12.48
2025-09-15 03:00:00,London,2,99.03,0.0,1.54,82.16,1.04,0.02,3.58,10.4
2025-09-15 04:00:00,London,2,100.82,0.0,1.44,82.61,0.97,0.02,2.96,9.12
2025-09-15 05:00:00,London,2,101.59,0.0,1.35,81.4,0.91,0.03,2.58,8.23
2025-09-15 06:00:00,London,2,102.44,0.0,1.31,82.75,0.89,0.03,2.48,8.14
2025-09-15 07:00:00,London,2,103.56,0.0,1.28,84.33,0.88,0.03,2.49,8.44
2025-09-15 08:00:00,London,2,104.22,0.01,1.27,83.96,0.88,0.03,2.48,8.48
2025-09-15 09:00:00,London,2,104.24,0.08,1.21,82.11,0.88,0.03,2.42,8.13
2025-09-15 10:00:00,London,2,103.99,0.14,1.09,80.88,0.87,0.03,2.34,7.59
2025-09-15 11:00:00,London,2,103.48,0.17,0.99,80.21,0.85,0.03,2.27,7.1
2025-09-15 12:00:00,London,2,103.08,0.17,0.94,79.78,0.84,0.03,2.13,6.6
2025-09-15 13:00:00,London,2,102.68,0.16,0.91,79.36,0.85,0.03,2.05,6.4
2025-09-15 14:00:00,London,2,102.54,0.16,0.9,78.69,0.84,0.03,1.99,6.03
2025-09-15 15:00:00,London,2,102.93,0.16,0.89,76.68,0.82,0.03,1.95,5.72
2025-09-15 16:00:00,London,2,103.78,0.15,0.89,74.13,0.81,0.04,1.86,5.54
2025-09-15 17:00:00,London,2,107.18,0.13,0.96,71.89,0.79,0.05,1.66,5.26
2025-09-15 18:00:00,London,2,113.03,0.08,1.09,70.5,0.77,0.07,1.45,4.84
2025-09-15 19:00:00,London,2,116.24,0.02,1.24,69.34,0.76,0.09,1.35,4.61
2025-09-15 20:00:00,London,2,115.77,0.0,1.3,68.21,0.77,0.11,1.33,4.8
2025-09-15 21:00:00,London,2,114.53,0.0,1.36,67.5,0.79,0.13,1.43,5.38
2025-09-15 22:00:00,London,2,114.19,0.0,1.4,67.73,0.82,0.14,1.58,6.0
2025-09-15 23:00:00,London,2,114.87,0.0,1.42,68.12,0.85,0.15,1.7,6.67
2025-09-16 00:00:00,London,2,116.93,0.0,1.45,68.44,0.89,0.16,1.78,7.14
2025-09-16 01:00:00,London,2,119.27,0.0,1.48,68.6,0.91,0.17,1.8,7.25
2025-09-16 02:00:00,London,2,121.02,0.0,1.49,68.18,0.9,0.17,1.76,6.84
2025-09-16 03:00:00,London,2,122.9,0.0,1.49,67.97,0.89,0.16,1.65,5.93
2025-09-16 04:00:00,London,2,124.24,0.0,1.49,67.85,0.87,0.14,1.46,4.91
2025-09-16 05:00:00,London,2,125.14,0.0,1.47,68.04,0.86,0.14,1.23,4.13
2025-09-16 06:00:00,London,2,125.95,0.0,1.46,68.56,0.84,0.15,1.02,3.51
2025-09-16 07:00:00,London,2,126.31,0.0,1.45,68.84,0.83,0.16,0.85,2.97
2025-09-16 08:00:00,London,2,125.94,0.01,1.48,68.81,0.85,0.18,0.74,2.69
2025-09-16 09:00:00,London,2,125.47,0.05,1.57,68.46,0.9,0.21,0.67,2.49
2025-09-16 10:00:00,London,2,124.82,0.06,1.68,68.03,0.94,0.22,0.62,2.25
2025-09-16 11:00:00,London,2,124.29,0.08,1.75,67.73,0.97,0.22,0.56,1.98
2025-09-16 12:00:00,London,2,124.17,0.11,1.79,67.95,1.0,0.22,0.53,1.77
2025-09-16 13:00:00,London,2,124.33,0.16,1.79,68.65,1.04,0.23,0.52,1.68
2025-09-16 14:00:00,London,2,124.57,0.16,1.83,69.81,1.09,0.25,0.52,1.67
2025-09-16 15:00:00,London,2,124.72,0.15,1.96,70.74,1.14,0.25,0.54,1.78
2025-09-16 16:00:00,London,2,124.13,0.12,2.11,71.99,1.2,0.22,0.59,1.97
2025-09-16 17:00:00,London,2,122.56,0.07,2.26,73.4,1.27,0.19,0.65,2.26
2025-09-16 18:00:00,London,2,119.82,0.02,2.32,74.28,1.31,0.16,0.71,2.51
2025-09-16 19:00:00,London,2,116.52,0.0,2.31,74.93,1.31,0.14,0.77,2.7
2025-09-16 20:00:00,London,2,113.49,0.0,2.32,75.09,1.33,0.14,0.8,2.77
2025-09-16 21:00:00,London,2,110.46,0.0,2.42,75.18,1.35,0.13,0.8,2.61
2025-09-16 22:00:00,London,2,107.61,0.0,2.51,75.89,1.35,0.11,0.76,2.3
2025-09-16 23:00:00,London,2,105.05,0.0,2.56,77.32,1.33,0.08,0.69,1.73
2025-09-17 00:00:00,London,2,103.32,0.0,2.61,79.47,1.29,0.05,0.64,1.33
2025-09-17 01:00:00,London,2,102.24,0.0,2.67,81.15,1.31,0.03,0.63,1.19
2025-09-17 02:00:00,London,2,101.37,0.0,2.71,82.38,1.34,0.02,0.65,1.15
2025-09-17 03:00:00,London,2,101.17,0.0,2.71,83.17,1.33,0.02,0.73,1.22
2025-09-17 04:00:00,London,2,101.07,0.0,2.67,83.55,1.3,0.02,0.84,1.39
2025-09-17 05:00:00,London,2,101.45,0.0,2.65,84.6,1.3,0.05,1.05,1.76
2025-09-17 06:00:00,London,2,101.23,0.0,2.65,85.51,1.38,0.09,1.36,2.54
2025-09-17 07:00:00,London,2,100.63,0.0,2.6,86.73,1.47,0.13,1.66,3.63
2025-09-17 08:00:00,London,2,100.22,0.0,2.67,87.79,1.61,0.17,1.91,5.19
2025-09-17 09:00:00,London,2,99.61,0.01,3.03,87.58,1.84,0.22,2.14,6.86
2025-09-17 10:00:00,London,2,99.55,0.05,3.29,87.6,2.01,0.27,2.33,8.05
2025-09-17 11:00:00,London,2,99.87,0.24,3.02,89.29,2.14,0.33,2.54,9.26
2025-09-17 12:00:00,London,2,100.02,0.27,2.85,91.62,2.22,0.37,2.81,10.25
2025-09-17 12:00:00,London,2,100.51,0.35,2.78,88.82,2.17,0.36,3.08,11.21
2025-09-17 13:00:00,London,2,100.35,0.27,2.79,93.55,2.28,0.37,3.14,11.17
2025-09-17 13:00:00,London,2,100.4,0.38,2.54,91.39,2.17,0.33,3.26,11.62
2025-09-17 14:00:00,London,2,100.18,0.33,2.45,93.08,2.14,0.32,3.36,11.79
2025-09-17 15:00:00,London,2,99.57,0.28,2.45,94.04,2.12,0.32,3.46,11.94
2025-09-17 16:00:00,London,2,98.87,0.22,2.56,94.46,2.11,0.32,3.51,11.98
2025-09-17 17:00:00,London,2,98.19,0.16,2.83,93.55,2.11,0.3,3.52,11.9
2025-09-17 18:00:00,London,2,97.15,0.1,3.14,91.72,2.11,0.25,3.45,11.64
2025-09-17 19:00:00,London,2,96.21,0.03,3.36,89.74,2.1,0.2,3.35,11.25
2025-09-17 20:00:00,London,2,95.57,0.0,3.43,87.94,2.1,0.16,3.2,10.69
2025-09-17 21:00:00,London,2,94.78,0.0,3.5,86.25,2.13,0.13,3.02,9.99
2025-09-17 22:00:00,London,2,94.27,0.0,3.58,84.72,2.15,0.1,2.93,9.56
2025-09-17 23:00:00,London,2,93.76,0.0,3.61,83.42,2.16,0.08,2.85,9.14
2025-09-18 00:00:00,London,2,93.15,0.0,3.63,82.27,2.15,0.08,2.77,8.73
2025-09-18 01:00:00,London,2,92.72,0.0,3.65,81.2,2.14,0.09,2.72,8.35
2025-09-18 02:00:00,London,2,92.28,0.0,3.65,80.19,2.12,0.09,2.75,8.21
2025-09-18 03:00:00,London,2,92.0,0.0,3.76,79.02,2.17,0.08,2.89,8.52
2025-09-18 04:00:00,London,2,91.64,0.0,3.88,77.76,2.22,0.08,3.01,8.94
2025-09-18 05:00:00,London,2,91.28,0.0,3.97,76.36,2.22,0.09,3.04,8.81
2025-09-18 06:00:00,London,2,90.95,0.0,4.02,74.97,2.15,0.1,2.98,8.14
2025-09-18 07:00:00,London,2,90.79,0.0,3.99,73.82,2.06,0.11,2.86,7.33
2025-09-18 08:00:00,London,2,90.36,0.01,4.11,72.75,2.01,0.11,2.76,6.49
2025-09-18 09:00:00,London,2,90.49,0.05,4.56,71.6,2.14,0.12,2.81,6.3
2025-09-18 10:00:00,London,2,90.62,0.14,4.91,70.52,2.29,0.14,2.91,6.4
2025-09-18 11:00:00,London,2,90.65,0.3,4.89,70.08,2.44,0.17,2.98,6.7
2025-09-18 12:00:00,London,2,90.95,0.49,4.55,71.04,2.5,0.19,3.0,6.83
2025-09-18 13:00:00,London,2,91.16,0.6,4.13,72.87,2.49,0.19,2.98,6.81
2025-09-18 14:00:00,London,2,91.36,0.63,3.74,75.24,2.49,0.19,2.98,7.01
2025-09-18 15:00:00,London,2,91.72,0.5,3.87,76.58,2.57,0.2,3.07,7.46
2025-09-18 16:00:00,London,2,92.27,0.37,4.23,76.81,2.61,0.2,3.08,7.47
2025-09-18 17:00:00,London,2,92.54,0.27,5.03,76.1,2.81,0.19,3.01,7.15
2025-09-18 18:00:00,London,2,92.34,0.14,6.15,74.12,3.1,0.19,2.97,6.83
2025-09-18 19:00:00,London,2,91.97,0.02,6.83,72.15,3.26,0.22,2.92,6.54
2025-09-18 20:00:00,London,2,92.17,0.0,8.53,69.25,3.99,0.24,3.11,6.74
2025-09-18 21:00:00,London,2,93.5,0.0,12.03,64.81,5.3,0.22,3.66,7.7
2025-09-18 22:00:00,London,2,94.84,0.0,15.8,60.12,6.47,0.18,4.32,8.83
2025-09-18 23:00:00,London,1,96.16,0.0,19.63,54.71,7.37,0.15,4.95,9.84
2025-09-19 00:00:00,London,1,97.91,0.0,23.58,48.3,8.05,0.14,5.57,10.59
2025-09-19 01:00:00,London,1,99.94,0.0,27.15,41.85,8.69,0.13,6.13,11.13
2025-09-19 02:00:00,London,1,101.37,0.0,29.91,35.89,9.1,0.14,6.61,11.53
2025-09-19 03:00:00,London,1,102.57,0.0,30.86,30.79,8.83,0.2,6.88,11.66
2025-09-19 04:00:00,London,1,103.22,0.01,29.56,27.11,8.25,0.3,6.84,11.35
2025-09-19 05:00:00,London,1,103.36,0.01,26.29,26.51,7.76,0.5,6.56,10.78
2025-09-19 06:00:00,London,1,103.54,0.01,23.32,26.96,7.1,0.6,6.29,10.37
2025-09-19 07:00:00,London,1,104.19,0.01,20.91,28.22,6.67,0.63,6.17,10.24
2025-09-19 08:00:00,London,1,104.72,0.44,18.36,31.06,6.36,0.63,6.2,10.29
2025-09-19 09:00:00,London,1,105.42,2.22,14.5,37.01,6.22,0.62,6.29,10.39
2025-09-19 10:00:00,London,1,106.3,3.52,11.97,41.95,6.21,0.61,6.39,10.43
2025-09-19 11:00:00,London,1,107.43,4.14,10.84,45.1,6.15,0.6,6.47,10.43
2025-09-19 12:00:00,London,1,108.73,4.7,10.78,46.21,6.32,0.61,6.67,10.56
2025-09-19 13:00:00,London,1,109.85,5.16,11.19,47.16,6.74,0.67,7.0,10.86
2025-09-19 14:00:00,London,1,111.14,5.44,12.01,48.37,7.23,0.75,7.52,11.4
2025-09-19 15:00:00,London,1,111.96,5.52,13.32,49.12,7.75,0.84,8.23,12.17
2025-09-19 16:00:00,London,1,112.88,5.48,15.22,49.0,8.5,0.92,9.03,12.97
2025-09-19 17:00:00,London,1,114.41,5.04,18.38,47.47,9.56,0.96,9.97,13.87
2025-09-19 18:00:00,London,2,115.54,3.28,23.15,44.4,10.31,0.9,11.11,15.09
2025-09-19 19:00:00,London,2,116.68,0.64,27.93,41.52,10.57,0.86,11.97,16.1
2025-09-19 20:00:00,London,2,117.34,0.0,28.67,41.61,10.27,0.76,12.56,16.66
2025-09-19 21:00:00,London,2,118.15,0.0,30.17,39.88,10.03,0.68,12.87,16.71
2025-09-19 22:00:00,London,2,118.87,0.0,32.19,37.18,10.18,0.6,13.26,16.81
2025-09-19 23:00:00,London,2,119.35,0.0,33.85,34.97,10.29,0.51,13.73,17.07
2025-09-20 00:00:00,London,2,119.4,0.0,34.34,34.58,9.89,0.44,13.88,17.23
2025-09-20 01:00:00,London,2,118.82,0.0,33.03,35.48,9.23,0.51,13.58,17.01
2025-09-20 02:00:00,London,2,118.65,0.0,30.2,37.94,8.49,0.75,13.15,16.61
2025-09-20 03:00:00,London,2,118.81,0.0,28.44,39.01,8.42,0.9,13.08,16.59
2025-09-20 04:00:00,London,2,119.43,0.0,28.18,38.44,9.11,0.94,13.35,16.92
2025-09-20 05:00:00,London,2,119.35,0.0,28.3,36.92,9.63,0.86,13.56,16.87
2025-09-20 06:00:00,London,2,119.42,0.0,28.12,35.51,9.36,0.73,13.37,16.3
2025-09-20 07:00:00,London,2,119.2,0.0,26.95,34.89,8.64,0.65,12.75,15.3
2025-09-20 08:00:00,London,2,118.79,0.08,24.47,35.12,7.76,0.63,11.82,14.18
2025-09-20 09:00:00,London,2,117.55,0.62,20.61,36.01,6.76,0.59,10.86,13.06
2025-09-20 10:00:00,London,1,115.85,1.59,15.0,40.83,5.61,0.57,9.71,11.7
2025-09-20 11:00:00,London,1,114.05,1.22,9.6,54.78,3.88,0.66,8.22,9.94
2025-09-20 12:00:00,London,2,112.76,1.01,7.51,66.66,3.33,0.77,7.36,9.03
2025-09-20 13:00:00,London,2,112.19,0.98,6.55,76.67,3.24,0.9,7.19,9.0
2025-09-20 14:00:00,London,2,112.4,0.65,5.86,85.08,2.81,0.81,7.54,9.31
2025-09-20 15:00:00,London,2,111.55,0.45,4.99,88.71,2.21,0.61,7.55,9.21
2025-09-20 16:00:00,London,2,108.27,0.33,4.29,88.46,1.78,0.39,6.63,8.25
2025-09-20 17:00:00,London,2,102.65,0.22,3.41,87.99,1.53,0.23,4.91,7.29
2025-09-20 18:00:00,London,2,98.3,0.13,3.14,85.03,1.69,0.12,3.74,8.45
2025-09-20 19:00:00,London,2,97.37,0.03,3.37,77.39,1.85,0.06,2.94,9.49
2025-09-20 20:00:00,London,2,96.49,0.0,3.58,68.49,1.77,0.07,2.26,8.14
2025-09-20 21:00:00,London,2,97.64,0.0,3.53,69.46,1.56,0.13,1.65,5.76
2025-09-20 22:00:00,London,2,99.81,0.0,3.31,75.37,1.38,0.19,1.24,4.12
2025-09-20 23:00:00,London,2,100.15,0.0,3.07,78.15,1.26,0.25,1.01,3.21
2025-09-21 00:00:00,London,2,100.02,0.0,3.07,77.95,1.3,0.3,0.88,2.68
2025-09-21 01:00:00,London,2,100.36,0.0,3.17,76.89,1.39,0.37,0.75,2.18
2025-09-21 02:00:00,London,2,100.91,0.0,3.34,75.69,1.5,0.44,0.63,1.67
2025-09-21 03:00:00,London,2,102.69,0.0,3.69,74.9,1.68,0.48,0.54,1.26
2025-09-21 04:00:00,London,2,104.75,0.0,4.11,74.19,1.88,0.51,0.5,0.99
2025-09-21 05:00:00,London,2,106.04,0.0,4.53,72.09,2.09,0.52,0.5,0.84
2025-09-21 06:00:00,London,2,107.65,0.0,4.96,69.96,2.29,0.52,0.5,0.83
2025-09-21 07:00:00,London,2,108.72,0.0,5.27,67.98,2.43,0.51,0.52,0.84
2025-09-21 08:00:00,London,2,109.33,0.09,5.67,65.92,2.55,0.5,0.55,0.88
2025-09-21 09:00:00,London,2,110.15,0.6,5.63,64.67,2.72,0.51,0.61,1.01
2025-09-21 10:00:00,London,2,110.59,1.17,5.27,63.97,2.83,0.53,0.7,1.2
2025-09-21 11:00:00,London,2,110.27,1.47,4.92,64.4,2.83,0.53,0.81,1.44
2025-09-21 12:00:00,London,2,110.21,1.59,4.76,66.28,2.89,0.52,0.96,1.75
2025-09-21 13:00:00,London,2,110.06,1.59,4.69,69.27,3.03,0.53,1.19,2.2
2025-09-05 12:00:00,New York,2,132.66,0.0,3.84,70.53,1.74,0.48,8.35,10.2
2025-09-05 13:00:00,New York,2,140.63,0.25,5.13,62.97,1.85,0.47,8.43,10.09
2025-09-05 14:00:00,New York,1,146.42,0.99,5.18,59.55,1.94,0.48,8.28,9.9
2025-09-05 15:00:00,New York,2,147.84,1.34,4.61,62.36,2.06,0.56,8.17,9.79
2025-09-05 16:00:00,New York,2,147.27,1.08,3.78,72.66,2.15,0.64,8.46,10.07
2025-09-05 17:00:00,New York,2,138.73,0.4,1.89,93.36,1.6,0.42,6.15,7.11
2025-09-05 18:00:00,New York,3,134.47,0.2,1.11,101.38,1.22,0.41,5.43,6.19
2025-09-05 19:00:00,New York,3,132.88,0.16,0.92,104.97,1.13,0.54,5.77,6.61
2025-09-05 20:00:00,New York,3,130.95,0.14,0.88,106.66,1.16,0.67,6.78,8.0
2025-09-05 21:00:00,New York,3,127.98,0.14,0.99,107.73,1.3,0.74,8.5,10.51
2025-09-05 22:00:00,New York,3,125.71,0.14,1.21,108.73,1.36,0.66,9.78,12.76
2025-09-05 23:00:00,New York,3,124.52,0.13,1.76,108.24,1.44,0.53,10.5,14.58
2025-09-06 00:00:00,New York,3,123.78,0.04,2.37,106.55,1.52,0.43,10.73,15.84
2025-09-06 01:00:00,New York,3,121.79,0.0,2.4,105.53,1.52,0.35,10.45,16.2
2025-09-06 02:00:00,New York,3,122.11,0.0,2.76,101.16,1.47,0.5,9.79,14.97
2025-09-06 03:00:00,New York,3,118.76,0.0,2.43,100.34,1.44,0.5,9.46,14.99
2025-09-06 04:00:00,New York,2,116.38,0.0,2.25,99.0,1.39,0.63,9.09,14.65
2025-09-06 05:00:00,New York,2,114.27,0.0,2.02,98.03,1.3,0.78,8.71,14.05
2025-09-06 06:00:00,New York,2,112.07,0.0,1.74,96.14,1.21,0.92,8.36,13.54
2025-09-06 07:00:00,New York,2,110.4,0.0,1.58,93.56,1.15,1.06,8.08,13.18
2025-09-06 08:00:00,New York,2,109.82,0.0,1.56,90.24,1.14,1.18,7.86,12.94
2025-09-06 09:00:00,New York,2,110.61,0.0,1.63,86.18,1.15,1.22,7.74,12.82
2025-09-06 10:00:00,New York,2,112.38,0.0,1.78,81.89,1.19,1.18,7.71,12.69
2025-09-06 11:00:00,New York,2,114.79,0.0,2.05,77.16,1.24,1.13,7.76,12.46
2025-09-06 12:00:00,New York,2,118.65,0.0,2.61,72.46,1.31,1.18,7.87,12.25
2025-09-06 13:00:00,New York,2,123.75,0.07,3.41,68.3,1.37,1.24,7.99,12.11
2025-09-06 14:00:00,New York,2,126.66,0.37,3.39,67.3,1.42,1.32,8.08,12.0
2025-09-06 15:00:00,New York,2,126.67,0.52,2.86,70.44,1.48,1.39,8.21,11.92
2025-09-06 16:00:00,New York,2,125.8,0.44,2.24,78.0,1.53,1.37,8.59,12.03
2025-09-06 17:00:00,New York,2,122.83,0.07,1.55,93.32,1.2,0.96,7.52,9.74
2025-09-06 18:00:00,New York,2,120.5,0.04,1.28,96.53,0.99,0.84,6.59,8.42
2025-09-06 19:00:00,New York,2,119.14,0.03,1.21,97.48,0.97,0.83,6.49,8.29
2025-09-06 20:00:00,New York,2,123.01,0.03,1.79,96.66,1.29,0.92,7.43,9.31
2025-09-06 21:00:00,New York,2,128.58,0.06,2.76,92.79,1.59,0.93,8.61,10.59
2025-09-06 22:00:00,New York,2,135.27,0.1,3.88,88.55,1.75,0.83,9.27,11.24
2025-09-06 23:00:00,New York,2,139.39,0.1,5.24,80.94,1.74,0.64,9.53,11.59
2025-09-07 00:00:00,New York,2,143.1,0.02,6.14,74.33,1.65,0.47,9.71,11.93
2025-09-07 01:00:00,New York,2,143.08,0.0,5.91,70.21,1.45,0.35,9.59,11.78
2025-09-07 02:00:00,New York,1,143.22,0.0,6.11,57.71,1.01,0.15,9.09,11.05
2025-09-07 03:00:00,New York,1,146.73,0.0,6.85,41.06,0.67,0.1,8.75,10.5
2025-09-07 04:00:00,New York,1,151.6,0.01,7.51,28.48,0.54,0.11,8.72,10.24
2025-09-07 05:00:00,New York,1,154.26,0.03,7.66,20.53,0.54,0.1,8.85,10.08
2025-09-07 06:00:00,New York,1,155.79,0.02,7.36,16.74,0.57,0.06,9.04,9.96
2025-09-07 07:00:00,New York,1,159.48,0.02,7.42,17.09,0.68,0.04,9.18,9.85
2025-09-07 08:00:00,New York,1,168.09,0.0,8.94,37.7,1.41,0.07,9.17,9.77
2025-09-07 09:00:00,New York,1,179.48,0.0,9.57,36.72,1.39,0.07,8.95,9.4
2025-09-07 10:00:00,New York,1,191.91,0.0,9.79,36.59,1.38,0.07,8.63,9.01
2025-09-07 11:00:00,New York,1,203.15,0.0,9.89,37.52,1.42,0.07,8.23,8.59
2025-09-07 12:00:00,New York,1,215.39,0.0,10.08,38.22,1.46,0.08,7.87,8.21
2025-09-07 13:00:00,New York,1,228.76,0.02,10.46,38.79,1.51,0.11,7.51,7.89
2025-09-07 14:00:00,New York,1,237.88,0.12,10.47,38.12,1.52,0.12,7.12,7.52
2025-09-07 15:00:00,New York,1,243.23,0.33,9.97,36.96,1.47,0.12,6.82,7.22
2025-09-07 16:00:00,New York,1,245.49,0.66,9.07,36.82,1.43,0.11,6.63,7.02
2025-09-07 17:00:00,New York,1,245.56,1.1,7.89,40.17,1.4,0.1,6.63,7.01
2025-09-07 18:00:00,New York,1,244.16,0.98,7.46,45.72,1.45,0.12,6.72,7.11
2025-09-07 19:00:00,New York,1,241.31,0.83,7.02,53.18,1.5,0.16,6.83,7.23
2025-09-07 20:00:00,New York,2,236.98,0.55,5.9,66.39,1.41,0.2,6.83,7.18
2025-09-07 21:00:00,New York,2,232.4,0.31,5.33,73.09,1.37,0.25,6.69,7.03
2025-09-07 22:00:00,New York,2,229.99,0.18,5.57,75.22,1.39,0.31,6.51,6.87
2025-09-07 23:00:00,New York,2,233.53,0.21,7.1,66.15,1.23,0.32,6.53,7.02
2025-09-08 00:00:00,New York,1,239.95,0.14,9.03,52.16,1.01,0.26,6.75,7.5
2025-09-08 01:00:00,New York,1,243.31,0.0,10.01,42.44,0.87,0.19,6.96,7.95
2025-09-08 02:00:00,New York,1,242.7,0.0,10.13,35.71,0.76,0.16,7.1,8.29
2025-09-08 03:00:00,New York,1,242.48,0.0,10.4,31.28,0.74,0.2,7.24,8.66
2025-09-08 04:00:00,New York,1,241.34,0.0,11.12,29.8,0.87,0.35,7.28,8.91
2025-09-08 05:00:00,New York,1,234.52,0.0,11.24,32.85,1.21,0.57,7.0,8.66
2025-09-08 06:00:00,New York,1,226.56,0.0,10.98,36.3,1.51,0.66,6.56,8.13
2025-09-08 07:00:00,New York,1,216.92,0.0,11.01,39.06,1.83,0.6,5.91,7.32
2025-09-08 08:00:00,New York,1,199.07,0.0,11.02,42.46,2.18,0.52,4.83,6.03
2025-09-08 09:00:00,New York,1,182.42,0.0,10.84,42.34,2.27,0.43,3.96,4.99
2025-09-08 10:00:00,New York,1,167.56,0.0,10.52,43.36,2.42,0.38,3.32,4.24
2025-09-08 11:00:00,New York,1,154.58,0.0,10.22,45.64,2.59,0.36,2.86,3.75
2025-09-08 12:00:00,New York,1,147.78,0.0,10.83,47.08,2.79,0.38,2.63,3.58
2025-09-08 13:00:00,New York,1,147.46,0.7,11.76,49.45,3.03,0.43,2.54,3.58
2025-09-08 14:00:00,New York,1,147.99,2.37,10.54,54.23,3.27,0.5,2.47,3.57
2025-09-08 15:00:00,New York,1,149.16,3.27,9.69,59.51,3.52,0.56,2.55,3.73
2025-09-08 16:00:00,New York,2,151.23,3.28,9.16,68.02,3.76,0.61,3.04,4.3
2025-09-08 17:00:00,New York,2,133.78,1.27,4.54,93.2,2.25,0.46,2.78,3.52
2025-09-08 18:00:00,New York,3,133.76,0.59,2.55,105.69,1.76,0.4,3.66,4.26
2025-09-08 19:00:00,New York,3,138.36,0.39,1.92,114.01,1.71,0.39,4.91,5.55
2025-09-08 20:00:00,New York,3,143.15,0.3,1.69,120.76,1.75,0.39,5.97,6.65
2025-09-08 21:00:00,New York,3,145.52,0.27,1.75,125.35,1.84,0.4,6.92,7.66
2025-09-08 22:00:00,New York,3,147.79,0.25,2.08,128.38,1.96,0.41,7.74,8.55
2025-09-08 23:00:00,New York,3,157.84,0.37,4.43,117.43,2.0,0.46,8.59,9.57
2025-09-09 00:00:00,New York,2,172.31,0.19,7.88,99.82,1.91,0.53,9.39,10.67
2025-09-09 01:00:00,New York,2,180.32,0.0,9.22,89.65,1.75,0.55,9.91,11.48
2025-09-09 02:00:00,New York,2,178.52,0.0,8.7,84.76,1.5,0.53,9.97,11.7
2025-09-09 03:00:00,New York,2,176.55,0.0,7.98,81.25,1.29,0.49,9.84,11.65
2025-09-09 04:00:00,New York,2,176.41,0.0,7.58,77.5,1.15,0.41,9.56,11.38
2025-09-09 05:00:00,New York,2,173.55,0.0,6.77,74.93,1.06,0.31,8.96,10.63
2025-09-09 06:00:00,New York,2,172.95,0.0,6.31,73.17,1.08,0.27,8.35,9.94
2025-09-09 07:00:00,New York,2,176.68,0.0,6.9,70.53,1.28,0.26,7.87,9.54
2025-09-09 08:00:00,New York,2,183.23,0.0,8.67,66.16,1.63,0.26,7.48,9.4
2025-09-09 09:00:00,New York,2,188.61,0.0,10.7,60.45,1.91,0.23,6.99,9.21
2025-09-09 10:00:00,New York,1,189.75,0.0,12.39,57.1,2.27,0.21,6.2,8.65
2025-09-09 11:00:00,New York,1,185.5,0.0,13.32,56.15,2.62,0.21,5.28,7.82
2025-09-09 12:00:00,New York,1,181.42,0.0,14.16,55.3,2.66,0.22,4.69,7.22
2025-09-09 12:00:00,New York,2,150.68,0.0,6.37,70.23,1.49,0.12,4.2,6.68
2025-09-09 13:00:00,New York,1,178.27,0.31,15.13,56.59,2.79,0.27,4.27,6.81
2025-09-09 13:00:00,New York,2,155.98,0.39,7.78,69.3,1.79,0.17,3.99,6.89
2025-09-09 14:00:00,New York,2,152.74,1.1,6.41,76.41,1.9,0.19,3.6,6.73
2025-09-09 15:00:00,New York,2,146.72,1.19,5.01,81.93,1.69,0.2,3.33,6.56
2025-09-09 16:00:00,New York,2,138.93,0.86,3.6,88.26,1.46,0.18,3.26,6.59
2025-09-09 17:00:00,New York,2,128.9,0.33,1.72,95.78,1.01,0.12,3.14,6.64
2025-09-09 18:00:00,New York,2,124.12,0.18,1.11,97.06,0.79,0.09,3.15,7.0
2025-09-09 19:00:00,New York,2,120.25,0.12,0.88,96.01,0.65,0.07,3.0,7.42
2025-09-09 20:00:00,New York,2,116.87,0.08,0.84,93.89,0.56,0.05,2.75,7.83
2025-09-09 21:00:00,New York,2,113.96,0.07,0.89,91.55,0.53,0.05,2.58,8.46
2025-09-09 22:00:00,New York,2,112.14,0.06,1.07,89.59,0.51,0.05,2.43,8.92
2025-09-09 23:00:00,New York,2,111.8,0.05,1.36,87.89,0.53,0.06,2.35,9.06
2025-09-10 00:00:00,New York,2,112.41,0.02,1.61,86.22,0.57,0.06,2.36,9.11
2025-09-10 01:00:00,New York,2,112.83,0.0,1.59,84.47,0.57,0.06,2.39,9.02
2025-09-10 02:00:00,New York,2,115.75,0.0,2.2,82.04,0.74,0.1,2.36,8.56
2025-09-10 03:00:00,New York,2,116.24,0.0,2.11,80.17,0.75,0.09,2.46,8.76
2025-09-10 04:00:00,New York,2,117.91,0.0,2.32,78.38,0.81,0.1,2.6,9.06
2025-09-10 05:00:00,New York,2,118.87,0.0,2.49,76.69,0.87,0.09,2.74,9.45
2025-09-10 06:00:00,New York,2,120.01,0.0,2.48,75.49,0.9,0.08,2.89,9.91
2025-09-10 07:00:00,New York,2,121.52,0.0,2.41,74.68,0.93,0.07,2.98,10.17
2025-09-10 08:00:00,New York,2,123.83,0.0,2.39,74.25,0.96,0.07,3.06,10.03
2025-09-10 09:00:00,New York,2,126.29,0.0,2.52,73.18,1.02,0.06,3.13,9.47
2025-09-10 10:00:00,New York,2,128.56,0.0,2.87,71.72,1.13,0.06,3.18,8.94
2025-09-10 11:00:00,New York,2,131.55,0.0,3.56,69.92,1.31,0.07,3.32,8.56
2025-09-10 12:00:00,New York,2,135.19,0.0,4.96,66.84,1.58,0.09,3.47,8.19
2025-09-10 13:00:00,New York,2,140.47,0.03,7.25,62.9,1.9,0.12,3.65,8.05
2025-09-10 14:00:00,New York,1,145.14,0.26,9.36,59.35,2.19,0.16,3.8,7.94
2025-09-10 15:00:00,New York,1,149.01,0.84,10.54,57.23,2.42,0.18,3.88,7.85
2025-09-10 16:00:00,New York,1,152.76,1.67,11.04,56.83,2.61,0.21,3.91,7.72
2025-09-10 17:00:00,New York,2,156.48,2.41,9.87,60.69,2.59,0.21,3.84,7.61
2025-09-10 18:00:00,New York,2,158.33,2.18,9.43,64.75,2.57,0.21,3.92,7.75
2025-09-10 19:00:00,New York,2,159.46,1.85,9.12,68.88,2.59,0.21,4.16,8.02
2025-09-10 20:00:00,New York,2,161.64,1.46,9.41,72.52,2.73,0.23,4.5,8.42
2025-09-10 21:00:00,New York,2,164.16,1.06,10.45,73.22,2.89,0.25,4.77,8.7
2025-09-10 22:00:00,New York,2,166.69,0.69,11.92,72.6,3.02,0.28,4.88,8.83
2025-09-10 23:00:00,New York,2,171.65,0.46,13.95,70.39,3.16,0.32,5.04,9.04
2025-09-11 00:00:00,New York,2,179.05,0.21,16.39,66.44,3.34,0.37,5.38,9.47
2025-09-11 01:00:00,New York,2,184.66,0.0,17.61,62.4,3.48,0.4,5.71,9.88
2025-09-11 02:00:00,New York,1,190.19,0.0,18.29,57.06,3.29,0.38,6.06,10.31
2025-09-11 03:00:00,New York,1,200.01,0.0,19.61,49.7,2.91,0.32,6.51,10.87
2025-09-11 04:00:00,New York,1,211.33,0.0,21.4,42.4,2.73,0.26,6.99,11.33
2025-09-11 05:00:00,New York,1,218.69,0.0,22.44,36.25,2.7,0.21,7.35,11.46
2025-09-11 06:00:00,New York,1,224.62,0.0,22.88,31.93,2.76,0.19,7.68,11.55
2025-09-11 07:00:00,New York,1,230.55,0.0,23.15,28.12,2.75,0.18,7.93,11.63
2025-09-11 08:00:00,New York,1,235.31,0.0,23.09,24.59,2.63,0.15,8.09,11.62
2025-09-11 09:00:00,New York,1,236.17,0.0,22.26,22.35,2.45,0.13,8.17,11.57
2025-09-11 10:00:00,New York,1,233.0,0.0,20.9,21.57,2.31,0.11,8.19,11.49
2025-09-11 11:00:00,New York,1,227.09,0.01,19.6,21.37,2.28,0.12,8.1,11.32
2025-09-11 12:00:00,New York,1,224.85,0.03,19.61,20.93,2.5,0.16,8.03,11.25
2025-09-11 13:00:00,New York,1,229.0,1.85,19.02,23.16,2.99,0.26,8.01,11.26
2025-09-11 14:00:00,New York,1,230.81,5.06,16.19,30.51,3.76,0.39,8.03,11.27
2025-09-11 15:00:00,New York,1,233.14,5.97,15.79,37.38,4.22,0.52,8.34,11.59
2025-09-11 16:00:00,New York,1,235.79,5.66,15.78,49.83,4.62,0.59,9.53,12.81
2025-09-11 17:00:00,New York,3,158.03,1.42,7.24,104.51,3.57,0.35,7.53,9.29
2025-09-11 18:00:00,New York,3,137.59,0.54,3.41,124.68,2.5,0.23,7.79,9.03
2025-09-11 19:00:00,New York,3,133.93,0.33,2.36,135.34,2.28,0.21,8.84,9.96
2025-09-11 20:00:00,New York,4,133.99,0.27,2.16,141.23,2.22,0.2,9.6,10.69
2025-09-11 21:00:00,New York,4,134.83,0.26,2.4,142.25,2.2,0.2,10.22,11.35
2025-09-11 22:00:00,New York,4,136.91,0.26,2.94,141.43,2.21,0.22,10.64,11.84
2025-09-11 23:00:00,New York,3,156.32,0.47,7.23,120.69,2.11,0.36,11.47,12.97
2025-09-12 00:00:00,New York,2,184.01,0.23,13.47,91.15,1.86,0.52,12.34,14.36
2025-09-12 01:00:00,New York,2,203.17,0.0,16.87,71.4,1.54,0.6,12.96,15.5
2025-09-12 02:00:00,New York,2,209.44,0.0,17.39,60.15,1.19,0.57,13.41,16.31
2025-09-12 03:00:00,New York,2,213.54,0.0,16.82,52.25,0.91,0.43,14.0,17.18
2025-09-12 04:00:00,New York,2,215.49,0.0,15.91,46.41,0.73,0.25,14.51,17.77
2025-09-12 05:00:00,New York,2,209.77,0.0,13.87,43.0,0.65,0.18,14.83,17.86
2025-09-12 06:00:00,New York,2,202.75,0.0,11.55,38.83,0.6,0.17,15.12,18.0
2025-09-12 07:00:00,New York,2,197.36,0.0,10.11,33.63,0.6,0.18,15.26,18.13
2025-09-12 08:00:00,New York,2,197.68,0.0,10.3,27.72,0.65,0.2,15.16,18.12
2025-09-12 09:00:00,New York,2,201.54,0.01,10.83,21.71,0.61,0.16,15.12,17.83
2025-09-12 10:00:00,New York,2,206.14,0.04,11.44,16.47,0.55,0.12,15.14,17.51
2025-09-12 11:00:00,New York,2,211.67,0.13,12.29,12.17,0.53,0.1,14.94,17.16
2025-09-12 12:00:00,New York,2,226.21,0.67,14.29,8.49,0.57,0.12,14.74,17.14
2025-09-12 13:00:00,New York,2,251.61,3.6,14.94,9.95,0.8,0.17,14.57,17.13
2025-09-12 14:00:00,New York,2,257.65,5.23,14.76,27.92,2.63,0.3,14.19,16.7
2025-09-12 15:00:00,New York,2,262.46,6.16,14.43,39.82,3.64,0.44,14.55,17.33
2025-09-12 16:00:00,New York,2,265.88,4.6,14.65,65.5,5.04,0.52,17.06,20.23
2025-09-12 17:00:00,New York,3,172.42,0.71,5.01,132.75,4.97,0.38,14.27,16.1
2025-09-12 18:00:00,New York,3,152.99,0.24,2.35,135.11,3.21,0.24,13.0,14.42
2025-09-12 19:00:00,New York,3,151.82,0.14,2.11,135.03,2.83,0.21,13.43,14.9
2025-09-12 20:00:00,New York,3,152.43,0.09,2.23,134.32,2.61,0.2,13.67,15.21
2025-09-12 21:00:00,New York,3,152.33,0.09,2.3,133.62,2.41,0.19,13.78,15.39
2025-09-12 22:00:00,New York,3,152.4,0.07,2.46,132.61,2.24,0.19,13.85,15.53
2025-09-12 23:00:00,New York,3,158.35,0.08,4.01,122.54,2.08,0.23,13.94,15.96
2025-09-13 00:00:00,New York,3,165.78,0.03,5.74,107.34,1.83,0.27,14.02,16.54
2025-09-13 01:00:00,New York,2,169.3,0.0,6.0,96.25,1.56,0.26,13.9,16.88
2025-09-13 02:00:00,New York,2,167.74,0.0,5.55,86.04,1.25,0.21,13.38,16.81
2025-09-13 03:00:00,New York,2,166.89,0.0,5.35,76.35,0.99,0.14,12.84,16.77
2025-09-13 04:00:00,New York,2,166.02,0.0,5.37,68.03,0.83,0.09,12.24,16.54
2025-09-13 05:00:00,New York,2,163.0,0.0,5.39,58.32,0.64,0.07,11.55,15.98
2025-09-13 06:00:00,New York,2,157.55,0.0,4.8,48.73,0.48,0.05,10.96,15.45
2025-09-13 07:00:00,New York,2,150.54,0.0,4.0,41.44,0.4,0.05,10.41,14.93
2025-09-13 08:00:00,New York,2,144.85,0.0,3.55,35.18,0.37,0.06,10.04,14.57
2025-09-13 09:00:00,New York,1,140.96,0.0,3.42,29.77,0.37,0.07,9.89,14.3
2025-09-13 10:00:00,New York,1,138.8,0.01,3.6,25.14,0.41,0.11,9.83,13.96
2025-09-13 11:00:00,New York,1,138.73,0.02,4.19,21.08,0.47,0.13,9.75,13.54
2025-09-13 12:00:00,New York,1,146.44,0.12,5.81,15.77,0.42,0.13,9.75,13.52
2025-09-13 12:00:00,New York,1,141.47,0.02,4.74,24.67,0.48,0.13,8.71,13.33
2025-09-13 13:00:00,New York,1,163.35,1.37,7.26,12.33,0.39,0.13,9.81,13.71
2025-09-13 13:00:00,New York,1,154.72,0.68,6.3,20.18,0.43,0.12,8.86,13.61
2025-09-13 14:00:00,New York,1,164.43,2.52,5.22,24.73,0.48,0.1,8.86,13.89
2025-09-13 15:00:00,New York,1,167.81,3.31,4.51,31.4,0.58,0.12,8.88,14.29
2025-09-13 16:00:00,New York,1,167.7,3.11,4.31,41.31,0.75,0.14,9.23,15.02
2025-09-13 17:00:00,New York,3,139.95,0.23,1.35,107.18,1.21,0.02,9.11,11.97
2025-09-13 18:00:00,New York,3,136.77,0.11,0.91,114.0,1.06,0.02,9.31,11.36
2025-09-13 19:00:00,New York,3,135.11,0.08,0.96,113.74,1.0,0.02,9.05,11.03
2025-09-13 20:00:00,New York,3,135.66,0.08,1.11,113.06,1.01,0.03,9.08,11.27
2025-09-13 21:00:00,New York,3,135.98,0.1,1.22,111.65,1.04,0.03,9.21,11.83
2025-09-13 22:00:00,New York,3,136.13,0.1,1.36,110.54,1.04,0.04,9.18,12.22
2025-09-13 23:00:00,New York,3,137.52,0.09,1.9,106.02,1.04,0.06,8.99,12.5
2025-09-14 00:00:00,New York,2,139.78,0.02,2.55,99.05,1.01,0.08,8.69,12.75
2025-09-14 01:00:00,New York,2,140.26,0.0,2.52,94.89,0.94,0.08,8.26,12.69
2025-09-14 02:00:00,New York,2,145.07,0.0,3.08,93.67,1.05,0.11,8.74,13.03
2025-09-14 03:00:00,New York,2,143.27,0.0,2.89,90.84,0.96,0.1,8.21,12.57
2025-09-14 04:00:00,New York,2,142.55,0.0,2.97,87.7,0.92,0.12,7.88,12.19
2025-09-14 05:00:00,New York,2,141.62,0.0,3.07,82.04,0.84,0.15,7.66,11.81
2025-09-14 06:00:00,New York,2,140.56,0.0,3.04,74.64,0.73,0.15,7.6,11.59
2025-09-14 07:00:00,New York,2,139.59,0.0,2.94,68.0,0.66,0.15,7.67,11.52
2025-09-14 08:00:00,New York,1,138.15,0.0,2.97,59.4,0.56,0.13,7.84,11.54
2025-09-14 09:00:00,New York,1,137.05,0.0,3.07,50.08,0.47,0.12,8.06,11.63
2025-09-14 10:00:00,New York,1,136.5,0.0,3.28,42.81,0.43,0.13,8.28,11.76
2025-09-14 11:00:00,New York,1,137.06,0.0,3.8,37.0,0.44,0.15,8.51,11.96
2025-09-14 12:00:00,New York,1,145.27,0.01,5.58,32.89,0.51,0.19,8.84,12.46
2025-09-14 13:00:00,New York,1,159.39,0.3,7.84,31.93,0.7,0.28,9.26,13.06
2025-09-14 14:00:00,New York,1,167.3,1.66,7.18,35.81,0.95,0.38,9.58,13.44
2025-09-14 15:00:00,New York,1,173.13,3.02,6.63,35.4,1.04,0.45,9.75,13.66
2025-09-14 16:00:00,New York,2,177.61,3.42,6.69,40.85,1.4,0.56,10.26,14.19
2025-09-14 17:00:00,New York,3,150.96,0.16,4.06,108.97,3.11,0.4,13.68,15.71
2025-09-14 18:00:00,New York,3,142.43,0.07,2.67,116.61,2.33,0.16,12.05,13.35
2025-09-14 19:00:00,New York,3,139.96,0.04,2.49,116.25,1.95,0.13,10.14,11.16
2025-09-14 20:00:00,New York,3,140.63,0.03,2.66,114.94,1.8,0.15,9.07,9.96
2025-09-14 21:00:00,New York,3,140.73,0.03,2.9,111.02,1.69,0.18,8.73,9.59
2025-09-14 22:00:00,New York,3,140.66,0.03,3.15,107.25,1.58,0.18,8.46,9.38
2025-09-14 23:00:00,New York,2,146.02,0.03,4.62,97.24,1.51,0.22,8.31,9.54
2025-09-15 00:00:00,New York,2,152.81,0.01,6.16,84.8,1.45,0.25,8.32,9.99
2025-09-15 01:00:00,New York,2,155.1,0.0,6.39,76.65,1.3,0.23,8.28,10.36
2025-09-15 02:00:00,New York,2,152.41,0.0,6.1,67.59,1.01,0.17,7.94,10.32
2025-09-15 03:00:00,New York,1,151.08,0.0,6.2,58.52,0.76,0.12,7.66,10.33
2025-09-15 04:00:00,New York,1,150.47,0.0,6.48,50.43,0.61,0.1,7.41,10.27
2025-09-15 05:00:00,New York,1,146.82,0.0,6.47,42.46,0.48,0.08,7.09,9.97
2025-09-15 06:00:00,New York,1,143.23,0.0,6.27,34.53,0.4,0.07,6.91,9.79
2025-09-15 07:00:00,New York,1,139.26,0.01,5.87,28.1,0.36,0.06,6.87,9.74
2025-09-15 08:00:00,New York,1,136.8,0.01,5.54,23.37,0.37,0.05,6.99,9.78
2025-09-15 09:00:00,New York,1,137.22,0.01,5.4,22.54,0.42,0.04,7.27,9.99
2025-09-15 10:00:00,New York,1,140.57,0.01,5.62,25.97,0.56,0.02,7.81,10.47
2025-09-15 11:00:00,New York,1,145.43,0.0,5.85,42.0,1.12,0.0,9.18,11.84
2025-09-15 12:00:00,New York,2,156.17,0.0,7.52,43.8,1.34,0.0,10.95,13.7
2025-09-15 13:00:00,New York,2,172.1,0.41,9.74,46.54,1.76,0.01,12.78,15.79
2025-09-15 14:00:00,New York,2,183.55,1.44,9.81,57.54,2.64,0.03,14.32,17.75
2025-09-15 15:00:00,New York,2,192.3,1.95,9.75,61.79,2.86,0.09,14.9,18.9
2025-09-15 16:00:00,New York,2,194.28,1.58,9.28,72.31,3.16,0.09,15.49,20.18
2025-09-15 17:00:00,New York,3,158.98,0.35,3.37,104.93,1.56,0.01,9.67,12.34
2025-09-15 18:00:00,New York,3,146.54,0.16,1.51,109.81,0.8,0.04,6.39,8.08
2025-09-15 19:00:00,New York,3,141.92,0.13,1.11,110.62,0.59,0.05,5.47,6.91
2025-09-15 20:00:00,New York,3,139.35,0.12,0.97,111.49,0.51,0.06,5.05,6.35
2025-09-15 21:00:00,New York,3,136.87,0.12,0.94,111.73,0.47,0.07,4.85,6.12
2025-09-15 22:00:00,New York,3,135.46,0.12,1.04,111.28,0.46,0.07,4.73,6.02
2025-09-15 23:00:00,New York,3,137.71,0.12,1.66,109.12,0.58,0.08,5.14,6.81
2025-09-16 00:00:00,New York,3,143.56,0.04,2.53,106.15,0.78,0.08,6.22,8.7
2025-09-16 01:00:00,New York,3,148.38,0.0,2.84,104.07,0.87,0.08,7.35,10.71
2025-09-16 02:00:00,New York,3,149.06,0.0,2.8,102.01,0.88,0.06,8.15,12.31
2025-09-16 03:00:00,New York,3,149.74,0.0,2.78,100.43,0.88,0.05,8.67,13.51
2025-09-16 04:00:00,New York,2,149.61,0.0,2.8,98.7,0.86,0.03,8.78,14.0
2025-09-16 05:00:00,New York,2,146.37,0.0,2.58,96.29,0.81,0.01,8.53,13.91
2025-09-16 06:00:00,New York,2,142.95,0.0,2.22,95.32,0.81,0.0,8.18,13.71
2025-09-16 07:00:00,New York,2,139.35,0.0,1.92,94.51,0.81,0.0,7.84,13.48
2025-09-16 08:00:00,New York,2,137.14,0.0,1.86,93.63,0.84,0.0,7.59,13.34
2025-09-16 09:00:00,New York,2,135.95,0.0,2.0,92.06,0.91,0.0,7.46,13.49
2025-09-16 10:00:00,New York,2,135.67,0.0,2.31,90.18,1.03,0.0,7.54,14.05
2025-09-16 11:00:00,New York,2,136.45,0.0,2.8,88.12,1.18,0.0,7.69,14.18
2025-09-16 12:00:00,New York,2,139.37,0.0,3.72,85.81,1.32,0.01,7.73,13.49
2025-09-16 13:00:00,New York,2,142.93,0.02,4.92,83.81,1.42,0.05,7.77,13.0
2025-09-16 14:00:00,New York,2,142.9,0.13,5.14,83.6,1.3,0.07,7.29,11.39
2025-09-16 15:00:00,New York,2,140.09,0.24,4.55,83.16,1.12,0.08,6.58,9.61
2025-09-16 16:00:00,New York,2,136.84,0.29,3.72,82.72,1.0,0.07,5.94,8.44
2025-09-16 17:00:00,New York,2,132.5,0.23,2.43,83.79,0.8,0.06,4.79,7.16
2025-09-16 18:00:00,New York,2,128.61,0.2,1.59,84.36,0.67,0.06,3.93,6.44
2025-09-16 19:00:00,New York,2,125.91,0.19,1.23,84.62,0.58,0.05,3.43,5.81
2025-09-16 20:00:00,New York,2,123.97,0.19,1.06,85.36,0.54,0.05,3.09,5.25
2025-09-16 21:00:00,New York,2,121.9,0.19,1.07,84.35,0.54,0.04,2.97,5.25
2025-09-16 22:00:00,New York,2,120.28,0.19,1.22,82.4,0.53,0.05,2.95,5.64
2025-09-16 23:00:00,New York,2,119.45,0.13,1.55,80.66,0.54,0.05,3.05,6.24
2025-09-17 00:00:00,New York,2,118.96,0.02,1.77,79.5,0.56,0.05,3.3,7.02
2025-09-17 01:00:00,New York,2,118.29,0.0,1.68,79.58,0.56,0.04,3.58,7.68
2025-09-17 02:00:00,New York,2,117.01,0.0,1.56,79.92,0.54,0.03,3.72,6.97
2025-09-17 03:00:00,New York,2,116.39,0.0,1.5,79.53,0.48,0.02,3.79,5.81
2025-09-17 04:00:00,New York,2,116.13,0.0,1.46,78.82,0.46,0.02,3.82,5.44
2025-09-17 05:00:00,New York,2,115.07,0.0,1.33,77.67,0.45,0.01,3.77,5.33
2025-09-17 06:00:00,New York,2,113.75,0.0,1.19,76.71,0.44,0.01,3.46,4.94
2025-09-17 07:00:00,New York,2,112.34,0.0,1.1,75.98,0.43,0.0,3.28,4.76
2025-09-17 08:00:00,New York,2,111.66,0.0,1.09,75.16,0.45,0.0,3.3,4.82
2025-09-17 09:00:00,New York,2,110.61,0.0,1.14,73.57,0.48,0.0,3.41,4.93
2025-09-17 10:00:00,New York,2,109.92,0.0,1.2,72.22,0.52,0.0,3.58,4.99
2025-09-17 11:00:00,New York,2,109.85,0.0,1.33,71.01,0.53,0.0,3.63,4.9
2025-09-17 12:00:00,New York,2,111.03,0.0,1.74,69.94,0.55,0.01,3.5,4.7
2025-09-17 12:00:00,New York,2,109.87,0.0,1.31,71.58,0.44,0.01,3.16,5.18
2025-09-17 13:00:00,New York,2,113.75,0.0,2.46,68.96,0.56,0.02,3.3,4.4
2025-09-17 13:00:00,New York,2,111.91,0.0,1.81,69.12,0.44,0.01,3.14,5.06
2025-09-17 14:00:00,New York,2,112.95,0.02,2.09,66.61,0.45,0.02,3.08,4.96
2025-09-17 15:00:00,New York,2,112.72,0.04,2.14,65.14,0.44,0.02,2.46,3.95
2025-09-17 16:00:00,New York,2,112.13,0.06,2.23,63.89,0.45,0.02,2.1,3.4
2025-09-17 17:00:00,New York,2,112.1,0.09,2.3,63.4,0.47,0.02,2.1,3.42
2025-09-17 18:00:00,New York,2,111.81,0.11,2.33,62.25,0.5,0.02,2.4,3.89
2025-09-17 19:00:00,New York,2,112.32,0.13,2.41,61.26,0.53,0.02,2.72,4.26
2025-09-17 20:00:00,New York,1,113.8,0.13,2.7,59.85,0.56,0.02,3.01,4.56
2025-09-17 21:00:00,New York,1,115.89,0.11,3.23,57.81,0.59,0.02,3.16,4.63
2025-09-17 22:00:00,New York,1,118.78,0.08,3.93,56.0,0.59,0.02,3.03,4.3
2025-09-17 23:00:00,New York,1,122.1,0.03,4.66,54.76,0.58,0.04,2.75,3.77
2025-09-18 00:00:00,New York,1,123.96,0.0,4.96,54.67,0.6,0.04,2.5,3.42
2025-09-18 01:00:00,New York,1,124.83,0.0,4.95,55.13,0.63,0.04,2.35,3.28
2025-09-18 02:00:00,New York,1,131.87,0.0,6.97,50.24,0.9,0.06,2.29,3.21
2025-09-18 03:00:00,New York,1,133.08,0.0,7.08,47.39,0.96,0.06,2.34,3.46
2025-09-18 04:00:00,New York,1,135.57,0.0,7.51,44.73,1.02,0.06,2.42,3.75
2025-09-18 05:00:00,New York,1,136.77,0.0,7.72,41.6,1.08,0.06,2.52,4.04
2025-09-18 06:00:00,New York,1,137.14,0.0,7.74,37.84,1.12,0.05,2.6,4.23
2025-09-18 07:00:00,New York,1,137.69,0.0,7.95,34.78,1.19,0.05,2.65,4.32
2025-09-18 08:00:00,New York,1,140.15,0.0,8.61,31.99,1.3,0.05,2.74,4.34
2025-09-18 09:00:00,New York,1,142.7,0.0,9.27,29.73,1.4,0.04,2.93,4.47
2025-09-18 10:00:00,New York,1,145.44,0.0,9.87,28.78,1.52,0.03,3.21,4.76
2025-09-18 11:00:00,New York,1,151.25,0.0,11.02,32.66,1.77,0.03,3.66,5.35
2025-09-18 12:00:00,New York,1,160.14,0.0,13.33,29.33,2.1,0.04,4.24,5.99
2025-09-18 13:00:00,New York,1,174.02,0.23,16.79,24.76,2.6,0.06,5.05,6.94
2025-09-18 14:00:00,New York,1,186.69,1.49,18.5,22.97,3.13,0.08,5.91,7.96
2025-09-18 15:00:00,New York,1,195.11,2.89,18.88,23.8,3.68,0.09,6.64,8.84
2025-09-18 16:00:00,New York,1,200.76,3.61,19.05,27.75,4.15,0.11,7.25,9.54
2025-09-18 17:00:00,New York,1,170.0,2.3,12.87,52.96,2.94,0.02,5.87,7.53
2025-09-18 18:00:00,New York,2,154.11,1.3,8.36,73.29,2.3,0.0,5.77,6.99
2025-09-18 19:00:00,New York,2,149.86,0.77,5.65,92.2,2.13,0.0,7.83,8.87
2025-09-18 20:00:00,New York,3,146.88,0.43,3.7,108.99,2.07,0.01,10.01,10.95
2025-09-18 21:00:00,New York,3,142.34,0.25,2.99,114.43,2.03,0.03,10.55,11.44
2025-09-18 22:00:00,New York,3,140.8,0.17,3.24,113.95,2.04,0.08,10.28,11.17
2025-09-18 23:00:00,New York,3,147.97,0.15,5.36,104.15,2.06,0.2,10.11,11.12
2025-09-19 00:00:00,New York,2,159.49,0.05,8.32,89.38,1.99,0.34,10.2,11.45
2025-09-19 01:00:00,New York,2,168.78,0.0,9.71,80.07,1.85,0.47,10.61,12.11
2025-09-19 02:00:00,New York,2,172.36,0.0,9.77,74.17,1.67,0.47,11.2,12.87
2025-09-19 03:00:00,New York,2,174.27,0.0,9.35,71.15,1.68,0.43,11.77,13.58
2025-09-19 04:00:00,New York,2,173.5,0.0,8.71,69.89,1.89,0.4,12.06,13.93
2025-09-19 05:00:00,New York,2,170.2,0.0,7.61,70.47,2.17,0.34,12.29,14.11
2025-09-19 06:00:00,New York,2,169.78,0.0,6.73,69.13,2.26,0.25,12.83,14.63
2025-09-19 07:00:00,New York,2,172.07,0.0,6.25,66.38,2.32,0.2,13.65,15.48
2025-09-19 08:00:00,New York,2,176.09,0.0,6.24,59.72,2.14,0.14,14.46,16.36
2025-09-19 09:00:00,New York,2,181.67,0.0,6.51,50.34,1.77,0.11,15.16,17.17
2025-09-19 10:00:00,New York,2,188.16,0.0,7.09,41.72,1.58,0.11,15.71,17.76
2025-09-19 11:00:00,New York,2,195.49,0.0,8.0,32.95,1.41,0.11,16.03,17.9
2025-09-19 12:00:00,New York,2,207.08,0.02,9.81,23.22,1.22,0.14,16.22,18.18
2025-09-19 13:00:00,New York,2,226.82,1.22,11.41,15.41,1.12,0.18,16.38,18.55
2025-09-19 14:00:00,New York,2,245.81,5.31,9.0,15.13,1.12,0.22,16.34,18.84
2025-09-19 15:00:00,New York,2,259.88,7.79,8.32,17.78,1.17,0.28,16.26,19.13
2025-09-19 16:00:00,New York,2,271.74,7.93,9.69,25.84,1.32,0.38,16.86,20.07
2025-09-19 17:00:00,New York,3,214.68,1.51,7.23,106.86,5.74,0.61,18.22,20.73
2025-09-19 18:00:00,New York,3,197.55,0.56,4.06,135.94,5.48,0.49,20.76,22.92
2025-09-19 19:00:00,New York,4,195.63,0.35,3.11,151.28,5.24,0.44,23.21,25.34
2025-09-19 20:00:00,New York,4,175.18,0.24,2.3,150.16,4.05,0.39,18.97,20.55
2025-09-19 21:00:00,New York,4,165.99,0.21,2.34,146.04,3.38,0.43,16.5,17.84
2025-09-19 22:00:00,New York,4,165.05,0.19,2.95,142.97,3.12,0.5,15.36,16.63
2025-09-19 23:00:00,New York,3,179.55,0.26,6.93,114.82,2.48,0.63,14.81,16.26
2025-09-20 00:00:00,New York,2,202.99,0.08,12.12,82.6,1.85,0.71,14.75,16.61
2025-09-20 01:00:00,New York,2,218.82,0.0,14.8,63.79,1.45,0.72,14.56,16.91
2025-09-20 02:00:00,New York,2,225.51,0.0,15.89,51.69,1.2,0.66,14.16,16.84
2025-09-20 03:00:00,New York,2,231.35,0.0,17.03,42.6,1.17,0.65,13.59,16.33
2025-09-20 04:00:00,New York,2,233.82,0.0,18.4,36.39,1.44,0.68,12.22,14.68
2025-09-20 05:00:00,New York,1,221.9,0.0,17.85,39.38,2.39,0.76,9.3,11.16
2025-09-20 06:00:00,New York,1,210.45,0.0,16.56,38.33,2.68,0.72,6.85,8.35
2025-09-20 07:00:00,New York,1,199.47,0.0,15.38,38.44,2.99,0.7,5.12,6.56
2025-09-20 08:00:00,New York,1,193.45,0.0,15.36,39.51,3.7,0.77,4.41,6.12
2025-09-20 09:00:00,New York,1,195.34,0.0,16.25,38.82,4.21,0.83,4.45,6.55
2025-09-20 10:00:00,New York,1,192.86,0.0,16.41,38.36,4.28,0.82,4.48,6.9
2025-09-20 11:00:00,New York,1,181.84,0.0,15.15,38.11,3.86,0.75,4.09,6.62
2025-09-20 12:00:00,New York,1,170.3,0.0,13.75,37.94,3.34,0.67,3.49,6.1
2025-09-20 13:00:00,New York,1,161.84,0.51,12.28,39.61,2.91,0.61,2.97,5.78
2025-09-20 14:00:00,New York,1,152.75,1.78,8.59,45.85,2.54,0.56,2.64,5.76
2025-09-20 15:00:00,New York,1,144.0,2.01,6.35,53.96,2.35,0.51,2.6,6.08
2025-09-20 16:00:00,New York,2,137.84,1.57,4.89,64.46,2.22,0.47,3.05,6.86
2025-09-20 17:00:00,New York,2,133.39,0.82,3.01,78.21,1.88,0.37,4.16,8.21
2025-09-20 18:00:00,New York,2,129.28,0.41,1.77,87.26,1.57,0.29,5.28,9.81
2025-09-20 19:00:00,New York,2,125.27,0.25,1.22,91.26,1.31,0.23,5.67,10.7
2025-09-20 20:00:00,New York,2,122.36,0.19,1.0,92.63,1.08,0.18,5.41,10.41
2025-09-20 21:00:00,New York,2,119.2,0.16,1.0,91.45,0.91,0.15,4.87,9.95
2025-09-20 22:00:00,New York,2,116.21,0.15,1.17,89.1,0.81,0.14,4.26,9.64
2025-09-20 23:00:00,New York,2,114.29,0.11,1.67,84.94,0.77,0.14,3.7,9.41
2025-09-21 00:00:00,New York,2,113.25,0.02,2.22,80.72,0.78,0.15,3.3,9.46
2025-09-21 01:00:00,New York,2,112.38,0.0,2.27,78.5,0.78,0.14,3.06,9.54
2025-09-21 02:00:00,New York,2,109.61,0.0,2.06,76.86,0.75,0.11,2.87,9.44
2025-09-21 03:00:00,New York,2,108.53,0.0,1.92,76.13,0.73,0.09,2.78,9.37
2025-09-21 04:00:00,New York,2,107.71,0.0,1.86,75.56,0.72,0.07,2.72,9.22
2025-09-21 05:00:00,New York,2,106.19,0.0,1.76,74.08,0.69,0.06,2.67,8.96
2025-09-21 06:00:00,New York,2,105.36,0.0,1.6,72.56,0.66,0.05,2.63,8.71
2025-09-21 07:00:00,New York,2,104.24,0.0,1.42,71.67,0.64,0.04,2.59,8.46
2025-09-21 08:00:00,New York,2,103.21,0.0,1.34,70.7,0.63,0.04,2.55,8.24
2025-09-21 09:00:00,New York,2,102.73,0.0,1.31,70.11,0.65,0.04,2.51,8.1
2025-09-21 10:00:00,New York,2,102.43,0.0,1.36,70.16,0.67,0.04,2.47,7.98
2025-09-21 11:00:00,New York,2,102.27,0.0,1.55,70.25,0.7,0.04,2.4,7.81
2025-09-21 12:00:00,New York,2,104.28,0.0,2.18,70.47,0.75,0.06,2.32,7.66
2025-09-21 13:00:00,New York,2,108.69,0.04,3.3,70.7,0.82,0.09,2.24,7.48
